{
    "type": "origins:multiple",
    "badges": [
        {
            "type": "origins:keybind",
            "text": "origin.thorigin.passive",
            "sprite": "minecraft:textures/block/white_wool.png"
        }
    ],

    "morefiredmg": {
        "type": "origins:modify_damage_taken",
        "damage_condition": {
            "type": "origins:fire"
        },
        "modifier": {
            "name": "Origin modifier",
            "operation": "multiply_base",
            "value": 0.5
        }
    },

    "nofreezing": {
        "type": "origins:invulnerability",
        "damage_condition": {
            "type": "origins:name",
            "name": "freeze"
        },
        "condition": {
            "type": "origins:in_rain",
            "inverted": true
        }
    },

    "slowdown": {
        "type": "origins:conditioned_attribute",
        "modifier": {
            "attribute": "minecraft:generic.movement_speed",
            "name": "Origin modifier",
            "operation": "multiply_base",
            "value": -0.2
        },
        "condition": {
            "type": "origins:and",
            "conditions": [
                {
                    "type": "origins:resource",
                    "resource": "*:*_wetness",
                    "comparison": ">=",
                    "compare_to": 100
                },
                {
                    "type": "origins:enchantment",
                    "enchantment": "origins:water_protection",
                    "calculation": "sum",
                    "comparison": ">=",
                    "compare_to": 4,
                    "inverted": true
                }
            ]
        }
    },

    "wetness": {
        "type": "origins:resource",
        "max": 100,
        "min": 0,
        "start_value": 0,
        "hud_render": {
            "should_render": false
        }
    },

    "snowness": {
        "type": "origins:resource",
        "max": 100,
        "min": 0,
        "start_value": 0,
        "hud_render": {
            "should_render": false
        }
    },

    "timer": {
        "type": "origins:cooldown",
        "cooldown": 30,
        "hud_render": {
            "should_render": false
        }
    },

    "timer2": {
        "type": "origins:cooldown",
        "cooldown": 30,
        "hud_render": {
            "should_render": false
        }
    },

    "water/snow_detector": {
        "type": "origins:action_over_time",
        "interval": 1,
        "entity_action": {
            "type": "origins:and",
            "actions": [
                {
                    "type": "origins:if_else",
                    "condition": {
                        "type": "origins:or",
                        "conditions": [
                            {
                                "type": "origins:fluid_height",
                                "fluid": "minecraft:water",
                                "compare_to": 0.15,
                                "comparison": ">="
                            },
                            {
                                "type": "origins:in_block_anywhere",
                                "block_condition": {
                                    "type": "origins:fluid",
                                    "fluid_condition": {
                                        "type": "origins:in_tag",
                                        "tag": "minecraft:water"
                                    }
                                },
                                "compare_to": 1,
                                "comparison": "=="
                            },
                            {
                                "type": "origins:swimming"
                            },
                            {
                                "type": "origins:and",
                                "conditions": [
                                    {
                                        "type": "origins:in_block",
                                        "block_condition": {
                                            "type": "origins:block_state",
                                            "property": "level",
                                            "compare_to": 1,
                                            "comparison": ">"
                                        }
                                    },
                                    {
                                        "type": "origins:in_block",
                                        "block_condition": {
                                            "type": "origins:block",
                                            "block": "water_cauldron"
                                        }
                                    }
                                ]
                            }
                        ]
                    },
                    "if_action": {
                        "type": "origins:change_resource",
                        "resource": "*:*_wetness",
                        "change": 25
                    }
                },
                {
                    "type": "origins:if_else",
                    "condition": {
                        "type": "origins:in_rain"
                    },
                    "if_action": {
                        "type": "origins:change_resource",
                        "resource": "*:*_wetness",
                        "change": 1
                    }
                },
                {
                    "type": "origins:if_else",
                    "condition": {
                        "type": "origins:or",
                        "conditions": [
                            {
                                "type": "origins:in_block",
                                "block_condition": {
                                    "type": "origins:block",
                                    "block": "powder_snow"
                                }
                            },
                            {
                                "type": "origins:and",
                                "conditions": [
                                    {
                                        "type": "origins:in_block",
                                        "block_condition": {
                                            "type": "origins:block_state",
                                            "property": "level",
                                            "compare_to": 1,
                                            "comparison": ">"
                                        }
                                    },
                                    {
                                        "type": "origins:in_block",
                                        "block_condition": {
                                            "type": "origins:block",
                                            "block": "powder_snow_cauldron"
                                        }
                                    }
                                ]
                            }
                        ]
                    },
                    "if_action": {
                        "type": "origins:change_resource",
                        "resource": "*:*_snowness",
                        "change": 10
                    }
                },
                {
                    "type": "origins:if_else",
                    "condition": {
                        "type": "origins:and",
                        "conditions": [
                            {
                                "type": "origins:predicate",
                                "predicate": "thorigins:weather/is_raining"
                            },
                            {
                                "type": "origins:in_rain",
                                "inverted": true
                            },
                            {
                                "type": "origins:exposed_to_sky"
                            },
                            {
                                "type": "origins:or",
                                "conditions": [
                                    {
                                        "type": "origins:command",
                                        "command": "/execute if blocks ~ ~ ~ ~ 319 ~ ~ ~ ~ masked",
                                        "compare_to": 0,
                                        "comparison": "=="
                                    }
                                ]
                            }
                        ]
                    },
                    "if_action": {
                        "type": "origins:change_resource",
                        "resource": "*:*_snowness",
                        "change": 1
                    }
                },
                {
                    "type": "origins:if_else",
                    "condition": {
                        "type": "origins:resource",
                        "resource": "*:*_avoid_spamming_water",
                        "compare_to": 1,
                        "comparison": "=="
                    },
                    "if_action": {
                        "type": "origins:trigger_cooldown",
                        "power": "*:*_timer"
                    }
                },
                {
                    "type": "origins:if_else",
                    "condition": {
                        "type": "origins:resource",
                        "resource": "*:*_avoid_spamming_snow",
                        "compare_to": 1,
                        "comparison": "=="
                    },
                    "if_action": {
                        "type": "origins:trigger_cooldown",
                        "power": "*:*_timer2"
                    }
                }
            ]
        }
    },

    "avoid_spamming_water": {
        "type": "origins:cooldown",
        "hud_render": {
            "should_render": false
        },
        "cooldown": 15
    },

    "avoid_spamming_snow": {
        "type": "origins:cooldown",
        "hud_render": {
            "should_render": false
        },
        "cooldown": 10
    },

    "trigger_shakes_effects": {
        "type": "origins:action_over_time",
        "interval": 1,
        "entity_action": {
            "type": "origins:and",
            "actions": [
                {
                    "type": "origins:if_else",
                    "condition": {
                        "type": "origins:and",
                        "conditions": [
                            {
                                "type": "origins:or",
                                "conditions": [
                                    {
                                        "type": "origins:in_block",
                                        "block_condition": {
                                            "type": "origins:block",
                                            "block": "powder_snow"
                                        }
                                    },
                                    {
                                        "type": "origins:and",
                                        "conditions": [
                                            {
                                                "type": "origins:in_block",
                                                "block_condition": {
                                                    "type": "origins:block_state",
                                                    "property": "level",
                                                    "compare_to": 1,
                                                    "comparison": ">"
                                                }
                                            },
                                            {
                                                "type": "origins:in_block",
                                                "block_condition": {
                                                    "type": "origins:block",
                                                    "block": "powder_snow_cauldron"
                                                }
                                            }
                                        ]
                                    },
                                    {
                                        "type": "origins:and",
                                        "conditions": [
                                            {
                                                "type": "origins:predicate",
                                                "predicate": "thorigins:weather/is_raining"
                                            },
                                            {
                                                "type": "origins:in_rain",
                                                "inverted": true
                                            },
                                            {
                                                "type": "origins:exposed_to_sky"
                                            }
                                        ]
                                    }
                                ]
                            },
                            {
                                "type": "origins:resource",
                                "resource": "*:*_snowness",
                                "comparison": ">=",
                                "compare_to": 99
                            }
                        ]
                    },
                    "if_action": {
                        "type": "origins:trigger_cooldown",
                        "power": "*:*_avoid_spamming_snow"
                    }
                },
                {
                    "type": "origins:if_else",
                    "condition": {
                        "type": "origins:and",
                        "conditions": [
                            {
                                "type": "origins:resource",
                                "resource": "*:*_wetness",
                                "comparison": ">=",
                                "compare_to": 99
                            },
                            {
                                "type": "origins:or",
                                "conditions": [
                                    {
                                        "type": "origins:in_rain"
                                    },
                                    {
                                        "type": "origins:fluid_height",
                                        "fluid": "minecraft:water",
                                        "compare_to": 0.25,
                                        "comparison": ">="
                                    },
                                    {
                                        "type": "origins:swimming"
                                    },
                                    {
                                        "type": "origins:and",
                                        "conditions": [
                                            {
                                                "type": "origins:in_block",
                                                "block_condition": {
                                                    "type": "origins:block_state",
                                                    "property": "level",
                                                    "compare_to": 1,
                                                    "comparison": ">"
                                                }
                                            },
                                            {
                                                "type": "origins:in_block",
                                                "block_condition": {
                                                    "type": "origins:block",
                                                    "block": "water_cauldron"
                                                }
                                            }
                                        ]
                                    }
                                ]
                            }
                        ]
                    },
                    "if_action": {
                        "type": "origins:trigger_cooldown",
                        "power": "*:*_avoid_spamming_water"
                    }
                },
                {
                    "type": "origins:if_else",
                    "condition": {
                        "type": "origins:and",
                        "conditions": [
                            {
                                "type": "origins:resource",
                                "resource": "*:*_timer",
                                "compare_to": 28,
                                "comparison": "<="
                            },
                            {
                                "type": "origins:resource",
                                "resource": "*:*_timer",
                                "compare_to": 0,
                                "comparison": ">"
                            },
                            {
                                "type": "origins:sneaking",
                                "inverted": true
                            },
                            {
                                "type": "origins:nbt",
                                "nbt": "{Health:0.0f}",
                                "inverted": true
                            }
                        ]
                    },
                    "if_action": {
                        "type": "origins:if_else",
                        "condition": {
                            "type": "origins:resource",
                            "resource": "*:thsound_afk_timer",
                            "compare_to": 1,
                            "comparison": ">"
                        },
                        "if_action": {
                            "type": "origins:spawn_particles",
                            "particle": "minecraft:splash",
                            "count": 5,
                            "offset_y": 0.8,
                            "spread": {
                                "x": 0.3,
                                "y": 0.25,
                                "z": 0.3
                            },
                            "speed": 0
                        },
                        "else_action": {
                            "type": "origins:spawn_particles",
                            "particle": "minecraft:splash",
                            "count": 8,
                            "offset_y": 0.2,
                            "spread": {
                                "x": 0.7,
                                "y": 0.1,
                                "z": 0.7
                            },
                            "speed": 0.01
                        }
                    }
                },
                {
                    "type": "origins:if_else",
                    "condition": {
                        "type": "origins:and",
                        "conditions": [
                            {
                                "type": "origins:resource",
                                "resource": "*:*_timer2",
                                "compare_to": 28,
                                "comparison": "<="
                            },
                            {
                                "type": "origins:resource",
                                "resource": "*:*_timer2",
                                "compare_to": 0,
                                "comparison": ">"
                            },
                            {
                                "type": "origins:sneaking",
                                "inverted": true
                            },
                            {
                                "type": "origins:nbt",
                                "nbt": "{Health:0.0f}",
                                "inverted": true
                            }
                        ]
                    },
                    "if_action": {
                        "type": "origins:if_else",
                        "condition": {
                            "type": "origins:resource",
                            "resource": "*:thsound_afk_timer",
                            "compare_to": 1,
                            "comparison": ">"
                        },
                        "if_action": {
                            "type": "origins:spawn_particles",
                            "particle": "minecraft:snowflake",
                            "count": 5,
                            "offset_y": 0.7,
                            "spread": {
                                "x": 0.3,
                                "y": 0.25,
                                "z": 0.3
                            },
                            "speed": 0
                        },
                        "else_action": {
                            "type": "origins:spawn_particles",
                            "particle": "minecraft:snowflake",
                            "count": 8,
                            "offset_y": 0.2,
                            "spread": {
                                "x": 0.7,
                                "y": 0.1,
                                "z": 0.7
                            },
                            "speed": 0.01
                        }
                    }
                },
                {
                    "type": "origins:if_else",
                    "condition": {
                        "type": "origins:and",
                        "conditions": [
                            {
                                "type": "origins:resource",
                                "resource": "*:thsound_fluffy_shake",
                                "compare_to": 1,
                                "comparison": "=="
                            },
                            {
                                "type": "origins:or",
                                "conditions": [
                                    {
                                        "type": "origins:resource",
                                        "resource": "*:*_timer",
                                        "comparison": "==",
                                        "compare_to": 27
                                    },
                                    {
                                        "type": "origins:resource",
                                        "resource": "*:*_timer2",
                                        "comparison": "==",
                                        "compare_to": 27
                                    }
                                ]
                            },
                            {
                                "type": "origins:sneaking",
                                "inverted": true
                            },
                            {
                                "type": "origins:nbt",
                                "nbt": "{Health:0.0f}",
                                "inverted": true
                            }
                        ]
                    },
                    "if_action": {
                        "type": "origins:play_sound",
                        "sound": "entity.wolf.shake",
                        "volume": 0.5
                    }
                }
            ]
        }
    },

    "shake": {
        "type": "origins:shaking",
        "condition": {
            "type": "origins:or",
            "conditions": [
                {
                    "type": "origins:and",
                    "conditions": [
                        {
                            "type": "origins:resource",
                            "resource": "*:*_timer",
                            "compare_to": 28,
                            "comparison": "<="
                        },
                        {
                            "type": "origins:resource",
                            "resource": "*:*_timer",
                            "compare_to": 0,
                            "comparison": ">"
                        },
                        {
                            "type": "origins:sneaking",
                            "inverted": true
                        }
                    ]
                },
                {
                    "type": "origins:and",
                    "conditions": [
                        {
                            "type": "origins:resource",
                            "resource": "*:*_timer2",
                            "compare_to": 28,
                            "comparison": "<="
                        },
                        {
                            "type": "origins:resource",
                            "resource": "*:*_timer2",
                            "compare_to": 0,
                            "comparison": ">"
                        },
                        {
                            "type": "origins:sneaking",
                            "inverted": true
                        },
                        {
                            "type": "origins:nbt",
                            "nbt": "{Health:0.0f}",
                            "inverted": true
                        }
                    ]
                }
            ]
        }
    },

    "shake_reset_water/snow": {
        "type": "origins:action_over_time",
        "interval": 1,
        "entity_action": {
            "type": "origins:and",
            "actions": [
                {
                    "type": "origins:if_else",
                    "condition": {
                        "type": "origins:power_active",
                        "power": "*:*_shake"
                    },
                    "if_action": {
                        "type": "origins:change_resource",
                        "resource": "*:*_wetness",
                        "change": 0,
                        "operation": "set"
                    }
                },
                {
                    "type": "origins:if_else",
                    "condition": {
                        "type": "origins:and",
                        "conditions": [
                            {
                                "type": "origins:resource",
                                "resource": "*:*_timer2",
                                "compare_to": 28,
                                "comparison": "<="
                            },
                            {
                                "type": "origins:resource",
                                "resource": "*:*_timer2",
                                "compare_to": 0,
                                "comparison": ">"
                            },
                            {
                                "type": "origins:sneaking",
                                "inverted": true
                            },
                            {
                                "type": "origins:nbt",
                                "nbt": "{Health:0.0f}",
                                "inverted": true
                            }
                        ]
                    },
                    "if_action": {
                        "type": "origins:change_resource",
                        "resource": "*:*_snowness",
                        "change": 0,
                        "operation": "set"
                    }
                }
            ]
        }
    },

    "natural_evaporation_cooldown": {
        "type": "origins:cooldown",
        "cooldown": 1200,
        "hud_render": {
            "should_render": false
        }
    },

    "evaporation": {
        "type": "origins:action_over_time",
        "interval": 20,
        "entity_action": {
            "type": "origins:and",
            "actions": [
                {
                    "type": "origins:if_else",
                    "condition": {
                        "type": "origins:or",
                        "conditions": [
                            {
                                "type": "origins:fluid_height",
                                "fluid": "minecraft:water",
                                "compare_to": 0.25,
                                "comparison": ">="
                            },
                            {
                                "type": "origins:in_rain"
                            },
                            {
                                "type": "origins:swimming"
                            },
                            {
                                "type": "origins:and",
                                "conditions": [
                                    {
                                        "type": "origins:in_block",
                                        "block_condition": {
                                            "type": "origins:block_state",
                                            "property": "level",
                                            "compare_to": 1,
                                            "comparison": ">"
                                        }
                                    },
                                    {
                                        "type": "origins:in_block",
                                        "block_condition": {
                                            "type": "origins:block",
                                            "block": "water_cauldron"
                                        }
                                    }
                                ]
                            },
                            {
                                "type": "origins:in_block",
                                "block_condition": {
                                    "type": "origins:block",
                                    "block": "powder_snow"
                                }
                            },
                            {
                                "type": "origins:and",
                                "conditions": [
                                    {
                                        "type": "origins:in_block",
                                        "block_condition": {
                                            "type": "origins:block_state",
                                            "property": "level",
                                            "compare_to": 1,
                                            "comparison": ">"
                                        }
                                    },
                                    {
                                        "type": "origins:in_block",
                                        "block_condition": {
                                            "type": "origins:block",
                                            "block": "powder_snow_cauldron"
                                        }
                                    }
                                ]
                            }
                        ]
                    },
                    "if_action": {
                        "type": "origins:trigger_cooldown",
                        "power": "*:*_natural_evaporation_cooldown"
                    }
                },
                {
                    "type": "origins:if_else",
                    "condition": {
                        "type": "origins:and",
                        "conditions": [
                            {
                                "type": "origins:resource",
                                "resource": "*:*_natural_evaporation_cooldown",
                                "comparison": ">",
                                "compare_to": 0
                            },
                            {
                                "type": "origins:resource",
                                "resource": "*:*_natural_evaporation_cooldown",
                                "comparison": "<=",
                                "compare_to": 1198
                            }
                        ]
                    },
                    "if_action": {
                        "type": "origins:and",
                        "actions": [
                            {
                                "type": "origins:change_resource",
                                "resource": "*:*_wetness",
                                "change": -1
                            },
                            {
                                "type": "origins:change_resource",
                                "resource": "*:*_snowness",
                                "change": -1
                            }
                        ]
                    }
                },
                {
                    "type": "origins:if_else",
                    "condition": {
                        "type": "origins:and",
                        "conditions": [
                            {
                                "type": "origins:resource",
                                "resource": "*:*_natural_evaporation_cooldown",
                                "comparison": ">",
                                "compare_to": 0
                            },
                            {
                                "type": "origins:resource",
                                "resource": "*:*_natural_evaporation_cooldown",
                                "comparison": "<=",
                                "compare_to": 1198
                            },
                            {
                                "type": "origins:or",
                                "conditions": [
                                    {
                                        "type": "origins:on_block",
                                        "block_condition": {
                                            "type": "origins:block",
                                            "block": "magma_block"
                                        }
                                    },
                                    {
                                        "type": "origins:block_in_radius",
                                        "radius": 0,
                                        "block_condition": {
                                            "type": "origins:light_level",
                                            "comparison": ">",
                                            "compare_to": 10,
                                            "light_type": "block"
                                        }
                                    },
                                    {
                                        "type": "origins:exposed_to_sun"
                                    }
                                ]
                            }
                        ]
                    },
                    "if_action": {
                        "type": "origins:and",
                        "actions": [
                            {
                                "type": "origins:change_resource",
                                "resource": "*:*_wetness",
                                "change": -4
                            },
                            {
                                "type": "origins:change_resource",
                                "resource": "*:*_snowness",
                                "change": -4
                            }
                        ]
                    }
                }
            ]
        }
    },

    "powder_snow_climbing": {
        "type": "origins:climbing",
        "condition": {
            "type": "origins:in_block_anywhere",
            "block_condition": {
                "type": "origins:block",
                "block": "powder_snow"
            },
            "comparison": "!=",
            "compare_to": 0
        }
    }
}
