{
    "type": "origins:action_on_callback",
    "entity_action_added": {
        "type": "origins:and",
        "actions": [
            {
                "type": "origins:execute_command",
                "command": "/tag @s add foxie_trust"
            },
            {
                "type": "origins:delay",
                "ticks": 1,
                "action": {
                    "type": "origins:execute_command",
                    "command": "/data modify entity @s Trusted append from entity @p[tag=foxie] UUID"
                }
            },
            {
                "type": "origins:revoke_power",
                "power": "thorigins:thfoxie_trust",
                "source": "thorigins:universal"
            }
        ]
    }
}
