{
    "type": "origins:multiple",
    "hidden": true,

    "fall_dmg_ignore": {
        "type": "origins:invulnerability",
        "damage_condition": {
            "type": "origins:name",
            "name": "fall"
        }
    },

    "dismount": {
        "type": "origins:action_over_time",
        "interval": 1,
        "condition": {
            "type": "origins:riding",
            "inverted": true
        },
        "entity_action": {
            "type": "origins:and",
            "actions": [
                {
                    "type": "origins:execute_command",
                    "command": "/data merge entity @s {NoAI:0b}"
                },
                {
                    "type": "origins:execute_command",
                    "command": "/data modify entity @s Sitting set value 0"
                },
                {
                    "type": "origins:execute_command",
                    "command": "/scale reset pehkui:hitbox_height @s"
                },
                {
                    "type": "origins:execute_command",
                    "command": "/scale reset pehkui:hitbox_width @s"
                },
                {
                    "type": "origins:execute_command",
                    "command": "/scale reset pehkui:model_height @s"
                },
                {
                    "type": "origins:execute_command",
                    "command": "/scale reset pehkui:model_width @s"
                },
                {
                    "type": "origins:execute_command",
                    "command": "/tag @s remove hatting"
                },
                {
                    "type": "origins:delay",
                    "ticks": 1,
                    "action": {
                        "type": "origins:execute_command",
                        "command": "/power clear @s"
                    }
                }
            ]
        }
    }
}
