{
    "type": "origins:multiple",
    "badges": [
        {
            "type": "origins:keybind",
            "sprite": "minecraft:textures/item/diamond.png",
            "text": "origin.thorigin.passive"
        }
    ],
    "adjustsize": {
        "type": "origins:action_on_callback",
        "entity_action_added": {
            "type": "origins:delay",
            "ticks": 1,
            "action": {
                "type": "origins:and",
                "actions": [
                    {
                        "type": "origins:execute_command",
                        "command": "/scale persist set true @s"
                    },
                    {
                        "type": "origins:execute_command",
                        "command": "/scale set pehkui:width 0.7 @s"
                    },
                    {
                        "type": "origins:execute_command",
                        "command": "/scale set pehkui:height 0.7 @s"
                    },
                    {
                        "type": "origins:execute_command",
                        "command": "/scale set pehkui:drops 0.7 @s"
                    },
                    {
                        "type": "origins:execute_command",
                        "command": "/scale set pehkui:visibility 0.8 @s"
                    },
                    {
                        "type": "origins:execute_command",
                        "command": "/scale set pehkui:held_item 0.7 @s"
                    }
                ]
            }
        },
        "entity_action_lost": {
            "type": "origins:and",
            "actions": [
                {
                    "type": "origins:execute_command",
                    "command": "/scale reset @s"
                }
            ]
        }
    },

    "max_health": {
        "type": "origins:attribute",
        "modifiers": [
            {
                "name": "Origin modifier",
                "attribute": "minecraft:generic.max_health",
                "operation": "addition",
                "value": -4
            }
        ]
    }
}
