{
    "type": "origins:multiple",
    "badges": [
        {
            "type": "origins:keybind",
            "text": "origin.thorigin.passive",
            "sprite":"minecraft:textures/block/white_wool.png"
        }
    ],

    "morefiredmg":{
        "type": "origins:modify_damage_taken",
        "damage_condition": {
            "type": "origins:fire"
        },
        "modifier": {
            "name": "Origin modifier",
            "operation":"multiply_base",
            "value": 0.5
        }
    },

    "nofreezing":{
        "type": "origins:invulnerability",
        "damage_condition": {
            "type": "origins:name",
            "name": "freeze"
        },
        "condition": {
            "type": "origins:in_rain",
            "inverted": true
        }
    },

    "slowdown":{
        "type": "origins:modify_attribute",
        "attribute": "minecraft:generic.movement_speed",
        "modifier": {
            "name": "Origin modifier",
            "operation": "multiply_base",
            "value": -0.2
        },
        "condition": {
            "type": "origins:and",
            "conditions": [
                {
                    "type": "origins:resource",
                    "resource":"*:*_timetakentogetsoaked",
                    "comparison": ">=",
                    "compare_to": 100
                },
                {
                    "type": "origins:enchantment",
                    "enchantment": "origins:water_protection",
                    "calculation": "sum",
                    "comparison": ">=",
                    "compare_to": 4,
                    "inverted": true
                }
            ]
        } 

    },

    "timetakentogetsoaked":{
        "type": "origins:resource",
        "max": 100,
        "min": 0,
        "start_value": 0,
        "hud_render": {
            "should_render": false
        }
    },

    "timetakentogetsnowed":{
        "type": "origins:resource",
        "max": 100,
        "min": 0,
        "start_value": 0,
        "hud_render": {
            "should_render": false
        }
    },

    "timer":{
        "type": "origins:cooldown",
        "cooldown": 30,
        "hud_render": {
            "should_render": false
        }
    },

    "timer2":{
        "type": "origins:cooldown",
        "cooldown": 30,
        "hud_render": {
            "should_render": false
        }
    },

    "rainshakablewhen":{
        "type": "origins:action_over_time",
        "interval": 1,
        "entity_action": {
            "type": "origins:modify_resource",
            "resource": "*:*_timetakentogetsoaked",
            "modifier": {
                "operation": "addition",
                "value": 1
            }
        },
        "condition": {
            "type": "origins:and",
            "conditions": [
                {
                   "type": "origins:in_rain"
                }
            ]
        }
    },

    "inwatershakablewhen":{
        "type": "origins:action_over_time",
        "interval": 1,
        "entity_action": {
            "type": "origins:modify_resource",
            "resource": "*:*_timetakentogetsoaked",
            "modifier": {
                "operation": "addition",
                "value": 25
            }
        },
        "condition": {
            "type": "origins:or",
            "conditions": [
                {
                    "type": "origins:fluid_height",
                    "fluid":"minecraft:water",
                    "compare_to": 0.15,
                    "comparison": ">="
                },
                {
                    "type": "origins:swimming"
                },
                {
                    "type": "origins:and",
                    "conditions": [
                        {
                            "type": "origins:in_block",
                            "block_condition": {
                                "type": "origins:block_state",
                                "property": "level",
                                "compare_to": 1,
                                "comparison": ">"
                            }
                        },
                        {
                            "type": "origins:in_block",
                            "block_condition": {
                                "type": "origins:block",
                                "block": "water_cauldron"
                            }
                        }
                    ]
                }
            ]
        }
    },

    "snowshakablewhen":{
        "type": "origins:action_over_time",
        "interval": 1,
        "entity_action": {
            "type": "origins:modify_resource",
            "resource": "*:*_timetakentogetsnowed",
            "modifier": {
                "operation": "addition",
                "value": 10
            }
        },
        "condition": {
            "type": "origins:and",
            "conditions": [
                {
                    "type": "origins:or",
                    "conditions": [
                        {
                            "type": "origins:in_block",
                            "block_condition": {
                                "type": "origins:block",
                                "block": "powder_snow"
                            }
                        },
                        {
                            "type": "origins:and",
                            "conditions": [
                                {
                                    "type": "origins:in_block",
                                    "block_condition": {
                                        "type": "origins:block_state",
                                        "property": "level",
                                        "compare_to": 1,
                                        "comparison": ">"
                                    }
                                },
                                {
                                    "type": "origins:in_block",
                                    "block_condition": {
                                        "type": "origins:block",
                                        "block": "powder_snow_cauldron"
                                    }
                                }
                            ]
                        }

                    ]
                }
            ]
        }
    },

    "avoid_spamming_water":{
        "type": "origins:cooldown",
        "hud_render": {
            "should_render": false
        },
        "cooldown": 15
    },

    "activate_shaking_water":{
        "type": "origins:action_over_time",
        "interval": 1,
        "condition": {
            "type": "origins:resource",
            "resource":"*:*_avoid_spamming_water",
            "compare_to": 1,
            "comparison": "=="
        },
        "entity_action": {
            "type": "origins:trigger_cooldown",
            "power": "*:*_timer"
        }
    },

    "avoid_spamming_snow":{
        "type": "origins:cooldown",
        "hud_render": {
            "should_render": false
        },
        "cooldown": 10
    },

    "activate_shaking_snow":{
        "type": "origins:action_over_time",
        "interval": 1,
        "condition": {
            "type": "origins:resource",
            "resource":"*:*_avoid_spamming_snow",
            "compare_to": 1,
            "comparison": "=="
        },
        "entity_action": {
            "type": "origins:trigger_cooldown",
            "power": "*:*_timer2"
        }
    },

    "triggersnowshake":{
        "type": "origins:action_over_time",
        "interval": 1,
        "entity_action": {
            "type": "origins:trigger_cooldown",
            "power": "*:*_avoid_spamming_snow"
        },
        "condition": {
            "type": "origins:and",
            "conditions": [
                {
                    "type": "origins:or",
                    "conditions": [
                        {
                            "type": "origins:in_block",
                            "block_condition": {
                                "type": "origins:block",
                                "block": "powder_snow"
                            }
                        },
                        {
                            "type": "origins:and",
                            "conditions": [
                                {
                                    "type": "origins:in_block",
                                    "block_condition": {
                                        "type": "origins:block_state",
                                        "property": "level",
                                        "compare_to": 1,
                                        "comparison": ">"
                                    }
                                },
                                {
                                    "type": "origins:in_block",
                                    "block_condition": {
                                        "type": "origins:block",
                                        "block": "powder_snow_cauldron"
                                    }
                                }
                            ]
                        },
                        {
                            "type": "origins:and",
                            "conditions": [
                                {
                                    "type": "origins:predicate",
                                    "predicate": "thorigins:weather/is_raining"
                                },
                                {
                                    "type": "origins:in_rain",
                                    "inverted": true
                                },
                                {
                                    "type": "origins:exposed_to_sky"
                                },
                                {
                                    "type": "origins:biome",
                                    "condition": {
                                        "type": "origins:in_tag",
                                        "tag": "minecraft:snownt",
                                        "inverted": true
                                    }
                                }
                            ]                            
                        }
                    ]
                },
                {
                    "type": "origins:resource",
                    "resource": "*:*_timetakentogetsnowed",
                    "comparison": ">=",
                    "compare_to": 99
                }
            ]
        }
    },

    "tiggereffectrainandwater":{
        "type": "origins:action_over_time",
        "interval": 1,
        "entity_action": {
            "type": "origins:trigger_cooldown",
            "power": "*:*_avoid_spamming_water"
        },
        "condition":{
            "type": "origins:and",
            "conditions": [
                {
                    "type": "origins:resource",
                    "resource": "*:*_timetakentogetsoaked",
                    "comparison": ">=",
                    "compare_to": 99
                },
                {
                    "type": "origins:or",
                    "conditions": [
                        {
                            "type": "origins:in_rain"
                        },
                        {
                            "type": "origins:fluid_height",
                            "fluid":"minecraft:water",
                            "compare_to": 0.25,
                            "comparison": ">="
                        },
                        {
                            "type": "origins:swimming"
                        },
                        {
                            "type": "origins:and",
                            "conditions": [
                                {
                                    "type": "origins:in_block",
                                    "block_condition": {
                                        "type": "origins:block_state",
                                        "property": "level",
                                        "compare_to": 1,
                                        "comparison": ">"
                                    }
                                },
                                {
                                    "type": "origins:in_block",
                                    "block_condition": {
                                        "type": "origins:block",
                                        "block": "water_cauldron"
                                    }
                                }
                            ]
                        }
                    ]
                }
            ]
        }
    },

    "waterparticle":{
        "type": "origins:action_over_time",
        "interval": 1,
        "condition": {
            "type":"origins:and",
            "conditions":[
                {
                    "type": "origins:resource",
                    "resource":"*:*_timer",
                    "compare_to": 28,
                    "comparison": "<="
                },
                {
                    "type": "origins:resource",
                    "resource":"*:*_timer",
                    "compare_to": 0,
                    "comparison": ">"
                },
                {
                    "type": "origins:sneaking",
                    "inverted": true
                },
                {
                    "type": "origins:nbt",
                    "nbt": "{Health:0.0f}",
                    "inverted": true
                }
            ]
        },
        "entity_action": {
            "type": "origins:spawn_particles",
            "particle": "minecraft:splash",
            "count": 5,
            "offset_y": 0.8
        }

    },

    "snowparticle":{
        "type": "origins:action_over_time",
        "interval": 1,
        "condition": {
            "type":"origins:and",
            "conditions":[
                {
                    "type": "origins:resource",
                    "resource":"*:*_timer2",
                    "compare_to": 28,
                    "comparison": "<="
                },
                {
                    "type": "origins:resource",
                    "resource":"*:*_timer2",
                    "compare_to": 0,
                    "comparison": ">"
                },
                {
                    "type": "origins:sneaking",
                    "inverted": true
                },
                {
                    "type": "origins:nbt",
                    "nbt": "{Health:0.0f}",
                    "inverted": true
                }
            ]
        },
        "entity_action": {
            "type": "origins:spawn_particles",
            "particle": "minecraft:snowflake",
            "count": 5,
            "offset_y": 0.70,
            "spread": {
                "x": 0.3,
                "y": 0.25,
                "z": 0.3
            },
            "speed": 0
        }
    },

    "sound":{
        "type": "origins:action_over_time",
        "interval": 1,
        "condition": {
            "type": "origins:and",
            "conditions": [
                {
                    "type": "origins:or",
                    "conditions": [
                        {
                            "type": "origins:resource",
                            "resource":"*:*_timer",
                            "comparison": "==",
                            "compare_to": 27
                        },
                        {
                            "type": "origins:resource",
                            "resource":"*:*_timer2",
                            "comparison": "==",
                            "compare_to": 27
                        }
                    ]
                },
                {
                    "type": "origins:sneaking",
                    "inverted": true
                },
                {
                    "type": "origins:nbt",
                    "nbt": "{Health:0.0f}",
                    "inverted": true
                }
            ]
        },
        "entity_action": {
            "type": "origins:play_sound",
            "sound": "entity.wolf.shake",
            "volume": 0.5
        }
    },

    "shake":{
        "type": "origins:shaking",
        "condition": {
            "type": "origins:or",
            "conditions": [
                {
                    "type":"origins:and",
                    "conditions":[
                        {
                        "type": "origins:resource",
                        "resource":"*:*_timer",
                        "compare_to": 28,
                        "comparison": "<="
                        },
                    {
                        "type": "origins:resource",
                        "resource":"*:*_timer",
                        "compare_to": 0,
                        "comparison": ">"
                        },
                        {
                            "type": "origins:sneaking",
                            "inverted": true
                        }
                    ]
                },
                {
                    "type":"origins:and",
                    "conditions":[
                        {
                            "type": "origins:resource",
                            "resource":"*:*_timer2",
                            "compare_to": 28,
                            "comparison": "<="
                        },
                        {
                            "type": "origins:resource",
                            "resource":"*:*_timer2",
                            "compare_to": 0,
                            "comparison": ">"
                        },
                        {
                            "type": "origins:sneaking",
                            "inverted": true
                        },
                        {
                            "type": "origins:nbt",
                            "nbt": "{Health:0.0f}",
                            "inverted": true
                        }
                    ]
                }
            ]
        }
    },

    "shakeresetwater":{
        "type": "origins:action_over_time",
        "interval": 1,
        "entity_action": {
            "type": "origins:modify_resource",
            "resource": "*:*_timetakentogetsoaked",
            "modifier": {
                "operation": "set_total",
                "value": 0
            }
        },
        "condition": {
            "type": "origins:power_active",
            "power": "*:*_shake"
        }
    },

    "shakeresetsnow":{
        "type": "origins:action_over_time",
        "interval": 1,
        "entity_action": {
            "type": "origins:modify_resource",
            "resource": "*:*_timetakentogetsnowed",
            "modifier": {
                "operation": "set_total",
                "value": 0
            }
        },
        "condition": {
            "type": "origins:power_active",
            "power": "*:*_snowparticle"
        }
    },

    "natural_evaporation_cooldown": {
        "type": "origins:cooldown",
        "cooldown": 65535,
        "hud_render": {
            "should_render": false
        }
    },

    "trigger_evaporation_cooldown": {
        "type": "origins:action_over_time",
        "interval": 1,
        "entity_action": { 
            "type": "origins:modify_resource",
            "resource": "*:*_natural_evaporation_cooldown",
            "modifier": {
                "operation": "set_total",
                "value": 1200
            }
        },
        "condition": {
            "type": "origins:or",
            "conditions": [
                {
                    "type": "origins:fluid_height",
                    "fluid":"minecraft:water",
                    "compare_to": 0.25,
                    "comparison": ">="
                },
                {
                    "type": "origins:in_rain"
                },
                {
                    "type": "origins:swimming"
                },
                {
                    "type": "origins:and",
                    "conditions": [
                        {
                            "type": "origins:in_block",
                            "block_condition": {
                                "type": "origins:block_state",
                                "property": "level",
                                "compare_to": 1,
                                "comparison": ">"
                            }
                        },
                        {
                            "type": "origins:in_block",
                            "block_condition": {
                                "type": "origins:block",
                                "block": "water_cauldron"
                            }
                        }
                    ]
                },
                {
                    "type": "origins:in_block",
                    "block_condition": {
                        "type": "origins:block",
                        "block": "powder_snow"
                    }
                },
                {
                    "type": "origins:and",
                    "conditions": [
                        {
                            "type": "origins:in_block",
                            "block_condition": {
                                "type": "origins:block_state",
                                "property": "level",
                                "compare_to": 1,
                                "comparison": ">"
                            }
                        },
                        {
                            "type": "origins:in_block",
                            "block_condition": {
                                "type": "origins:block",
                                "block": "powder_snow_cauldron"
                            }
                        }
                    ]
                }
            ]
        }
    },

    "natural_evaporation": {
        "type": "origins:action_over_time",
        "interval": 20,
        "entity_action": {
            "type": "origins:and",
            "actions": [
                {
                    "type": "origins:modify_resource",
                    "resource": "*:*_timetakentogetsoaked",
                    "modifier": {
                        "operation": "addition",
                        "value": -1
                    }
                },
                {
                    "type": "origins:modify_resource",
                    "resource": "*:*_timetakentogetsnowed",
                    "modifier": {
                        "operation": "addition",
                        "value": -1
                    }
                }
            ]
        },
        "condition": {
            "type": "origins:and",
            "conditions": [
                {
                    "type": "origins:resource",
                    "resource": "*:*_natural_evaporation_cooldown",
                    "comparison": ">",
                    "compare_to": 0
                },
                {
                    "type": "origins:resource",
                    "resource": "*:*_natural_evaporation_cooldown",
                    "comparison": "<=",
                    "compare_to": 1198
                }
            ]
        }
    },

    "warmed_evaporation":{
        "type": "origins:action_over_time",
        "interval": 20,
        "entity_action": {
            "type": "origins:and",
            "actions": [
                {
                    "type": "origins:modify_resource",
                    "resource": "*:*_timetakentogetsoaked",
                    "modifier": {
                        "operation": "addition",
                        "value": -4
                    }
                },
                {
                    "type": "origins:modify_resource",
                    "resource": "*:*_timetakentogetsnowed",
                    "modifier": {
                        "operation": "addition",
                        "value": -4
                    }
                }
            ]
        },
        "condition": {
            "type": "origins:and",
            "conditions": [
                {
                    "type": "origins:resource",
                    "resource": "*:*_natural_evaporation_cooldown",
                    "comparison": ">",
                    "compare_to": 0
                },
                {
                    "type": "origins:resource",
                    "resource": "*:*_natural_evaporation_cooldown",
                    "comparison": "<=",
                    "compare_to": 1198
                },
                {
                    "type": "origins:or",
                    "conditions": [
                        {
                            "type": "origins:on_block",
                            "block_condition": {
                                "type": "origins:block",
                                "block": "magma_block"
                            }
                        },
                        {
                            "type": "origins:block_in_radius",
                            "radius": 0,
                            "block_condition": {
                                "type": "origins:light_level",
                                "comparison": ">",
                                "compare_to": 10,
                                "light_type": "block"
                            }
                        },
                        {
                            "type": "origins:exposed_to_sun"
                        }
                    ]
                }

            ]
        }
    },

    "powder_snow_climbing":{
        "type": "origins:climbing",
        "condition": {
            "type": "origins:in_block_anywhere",
            "block_condition": {
                "type": "origins:block",
                "block": "powder_snow"
            },
            "comparison": "!=",
            "compare_to": 0
        }
    },

    "check_for_snowfall_uwu":{
        "type": "origins:action_over_time",
        "interval": 1,
        "condition": {
            "type": "origins:and",
            "conditions": [
                {
                    "type": "origins:predicate",
                    "predicate": "thorigins:weather/is_raining"
                },
                {
                    "type": "origins:in_rain",
                    "inverted": true
                },
                {
                    "type": "origins:command",
                    "command": "/execute if blocks ~ ~1 ~ ~ 319 ~ ~ ~1 ~ masked",
                    "compare_to": 0,
                    "comparison": "=="
                },
                {
                    "type": "origins:biome",
                    "condition": {
                        "type": "origins:in_tag",
                        "tag": "minecraft:snownt",
                        "inverted": true
                    }
                }
            ]
        },
        "entity_action": {
            "type": "origins:modify_resource",
            "resource":"*:*_timetakentogetsnowed",
            "modifier": {
                "operation":"addition",
                "value": 1
            }
        }
    }
}