{
    "type": "origins:multiple",
    "badges": [
        {
            "type": "origins:keybind",
            "sprite":"origins:textures/gui/badge/active.png",
            "text": "origins.gui.badge.active"
        }
    ],

    "dash2_cd_check": {
        "type": "origins:cooldown",
        "hud_render": {
            "should_render": false
        },
        "cooldown": 30
    },

    "dashmain":{
        "type": "origins:active_self",
        "entity_action": {
            "type": "origins:and",
            "actions": [
                {
                    "type": "origins:trigger_cooldown",
                    "power": "*:*_dash2_cd_check"
                },
                {
                    "type": "origins:toggle",
                    "power": "*:*_toggle"
                },
                {
                    "type": "origins:add_velocity",
                    "z": 1.0,
                    "space": "local",
                    "client": true,
                    "server": true
                },
                {
                    "type": "origins:add_velocity",
                    "y": 0.3,
                    "space": "world",
                    "client": true,
                    "server": true
                },
                {
                    "type": "origins:spawn_particles",
                    "particle": "minecraft:snowflake",
                    "count": 30,
                    "speed": 0,
                    "force": false,
                    "offset_y": 0,
                    "spread":{
                    "x":0.8,
                    "y":0.15,
                    "z":0.8
                    }
                },
                {
                    "type": "origins:play_sound",
                    "sound": "minecraft:entity.fox.sniff",
                    "volume": 1.0
                },
                {
                    "type": "origins:exhaust",
                    "amount": 0.5
                },
                {
                    "type": "origins:modify_resource",
                    "resource":"*:*_maxjumpcount",
                    "modifier": {
                        "operation":"addition",
                        "value": -1,
                        "name": "minusonewhenjump"
                    }
                }
            ]
        },
        "cooldown": 30,
        "hud_render": {
            "should_render": true,
            "bar_index": 2,
            "condition": {
                "type": "origins:and",
                "conditions": [
                    {
                        "type": "origins:resource",
                        "resource":"*:*_dashmain",
                        "compare_to": 1,
                        "comparison": ">"
                    },
                    {
                        "type": "origins:resource",
                        "resource":"*:*_dash2",
                        "compare_to": 0,
                        "comparison": "=="
                    }
                ]
            }
        },
        "key":{
            "key": "key.origins.primary_active"
        },
        "condition": {
            "type": "origins:and",
            "conditions":[
                {
                    "type": "origins:food_level",
                    "comparison": ">",
                    "compare_to": 0
                },
                {
                    "type": "origins:resource",
                    "resource":"*:*_maxjumpcount",
                    "comparison": ">",
                    "compare_to": 0
                }
            ]
        }
    },

    "dash2":{
        "type": "origins:active_self",
        "entity_action": {
            "type": "origins:and",
            "actions": [
                {
                    "type": "origins:trigger_cooldown",
                    "power": "*:*_dashmain"
                },
                {
                    "type": "origins:add_velocity",
                    "z": 1.0,
                    "space": "local"
                },
                {
                    "type": "origins:add_velocity",
                    "y": 0.3,
                    "space": "world"
                },
                {
                    "type": "origins:spawn_particles",
                    "particle": "minecraft:snowflake",
                    "count": 30,
                    "speed": 0,
                    "force": false,
                    "offset_y": 0,
                    "spread":{
                    "x":0.8,
                    "y":0.15,
                    "z":0.8
                    }
                },
                {
                    "type": "origins:play_sound",
                    "sound": "minecraft:entity.fox.ambient",
                    "volume": 1.0
                },
                {
                    "type": "origins:exhaust",
                    "amount": 5
                },
                {
                    "type": "origins:modify_resource",
                    "resource":"*:*_maxjumpcount",
                    "modifier": {
                        "operation":"addition",
                        "value": -1,
                        "name": "minusonewhenjump"
                    }
                }
            ]
        },
        "cooldown": 30,
        "hud_render": {
            "should_render": true,
            "bar_index": 3,
            "condition": {
                "type": "origins:resource",
                "resource":"*:*_dash2",
                "compare_to": 0,
                "comparison": ">"
            }
        },
        "key": "key.origins.primary_active",
        "condition": {
            "type": "origins:and",
            "conditions":[
                {
                    "type": "origins:food_level",
                    "comparison": ">",
                    "compare_to": 0
                },
                {
                    "type": "origins:resource",
                    "resource":"*:*_maxjumpcount",
                    "comparison": ">",
                    "compare_to": 0
                },
                {
                    "type": "origins:or",
                    "conditions": [
                        {
                            "type": "origins:and",
                            "conditions": [
                                {
                                    "type": "origins:resource",
                                    "resource": "*:*_dash2_cd_check",
                                    "compare_to": 0,
                                    "comparison": ">"
                                },
                                {
                                    "type": "origins:resource",
                                    "resource": "*:*_dash2_cd_check",
                                    "compare_to": 20,
                                    "comparison": "<="
                                }
                            ]
                        },
                        {
                            "type": "origins:resource",
                            "resource":"*:*_combo_time",
                            "compare_to": 0,
                            "comparison": ">"
                        }
                    ]
                }
            ]
        }
    },

    "dash2_crit":{
        "type": "origins:active_self",
        "entity_action": {
            "type": "origins:toggle",
            "power": "*:*_toggle"
        },
        "cooldown": 30,
        "hud_render": {
            "should_render": false
        },
        "key":{
            "key": "key.origins.primary_active"
        },
        "condition": {
            "type": "origins:and",
            "conditions":[
                {
                    "type": "origins:food_level",
                    "comparison": ">",
                    "compare_to": 0
                },
                {
                    "type": "origins:resource",
                    "resource":"*:*_maxjumpcount",
                    "comparison": ">",
                    "compare_to": 0
                },
                {
                    "type": "origins:or",
                    "conditions": [
                        {
                            "type": "origins:and",
                            "conditions": [
                                {
                                    "type": "origins:resource",
                                    "resource": "*:*_dash2_cd_check",
                                    "compare_to": 0,
                                    "comparison": ">"
                                },
                                {
                                    "type": "origins:resource",
                                    "resource": "*:*_dash2_cd_check",
                                    "compare_to": 20,
                                    "comparison": "<="
                                }
                            ]
                        },
                        {
                            "type": "origins:resource",
                            "resource":"*:*_combo_time",
                            "compare_to": 0,
                            "comparison": ">"
                        }
                    ]
                },
                {
                    "type": "origins:power_active",
                    "power": "*:*_toggle",
                    "inverted": true
                }
            ]
        }
    },

    "add_reach":{
        "type": "origins:active_self",
        "key": {
            "key": "key.origins.primary_active"
        },
        "entity_action": {
            "type":"origins:execute_command",
            "command": "/scale multiply pehkui:reach 1.15 @s"
        },
        "condition":{
            "type": "origins:resource",
            "resource":"*:*_maxjumpcount",
            "comparison": "==",
            "compare_to": 2
        },
        "cooldown": 30
    },
    
    "toggle":{
        "type": "origins:toggle",
        "key":{
            "key":"key.origins.denary_active"
        },
        "condition":{
                "type": "origins:food_level",
                "comparison": ">",
                "compare_to": 0
            }
    },

    "crits": {
        "type":"origins:modify_damage_dealt",
        "damage_condition": {
        "type": "origins:attacker",
        "entity_condition": {
                "type": "origins:fall_distance",
                "compare_to": 0.5,
                "comparison": ">="
            }
        },
        "modifier": {
            "operation":"multiply_base",
            "value": 2.0
        },
        "condition": {
            "type": "origins:and",
            "conditions": [
                {
                    "type": "origins:power_active",
                    "power": "*:*_toggle"
                },
                {
                    "type": "origins:sneaking",
                    "inverted": true
                }
            ]
        }
    },

    "critssound":{
        "type": "origins:self_action_on_hit",
        "entity_action": {
            "type": "origins:play_sound",
            "sound": "minecraft:entity.fox.bite",
            "volume": 1.5,
            "hidden": true
        },
        "damage_condition": {
            "type": "origins:attacker",
            "entity_condition": {
                "type": "origins:fall_distance",
                "compare_to": 0.5,
                "comparison": ">="
            }
        },
        "condition": {
            "type": "origins:and",
            "conditions": [
                {
                    "type": "origins:power_active",
                    "power": "*:*_toggle"
                },
                {
                    "type": "origins:sneaking",
                    "inverted": true
                }
            ]
        },
        "cooldown": 0
    },

    "collab_hunt":{
        "type": "origins:action_on_hit",
        "bientity_action": {
            "type": "origins:and",
            "actions": [
                {
                    "type": "origins:actor_action",
                    "action":{
                        "type": "origins:and",
                        "actions": [
                            {
                                "type": "origins:change_resource",
                                "resource":"*:thhunt_hit_counter",
                                "change": 0,
                                "operation": "set"
                            },
                            {
                                "type": "origins:trigger_cooldown",
                                "power": "*:*_munch_cd"
                            }
                        ]
                    }
                },
                {
                    "type": "origins:if_else",
                    "condition": {
                        "type": "origins:actor_condition",
                        "condition": {
                            "type": "origins:equipped_item",
                            "equipment_slot": "mainhand",
                            "item_condition": {
                                "type": "origins:empty"
                            }
                        }
                    },
                    "if_action": {
                        "type": "origins:delay",
                        "ticks": 4,
                        "action": { 
                            "type": "origins:choice",
                            "actions": [
                                {
                                    "weight": 50,
                                    "element": {
                                        "type": "origins:damage",
                                        "amount": 3,
                                        "damage_type": "thorigins:foxie_bite",
                                        "source": {
                                            "name": "thorigins:foxie_bite"
                                        }                                                    
                                    }
                                },
                                {
                                    "weight": 50,
                                    "element": {
                                        "type": "origins:damage",
                                        "amount": 3,
                                        "damage_type": "thorigins:foxie_bite",
                                        "source": {
                                            "name": "thorigins:foxie_bite.player"
                                        }            
                                    }
                                }
                            ]
                        }
                    },
                    "else_action": {
                        "type": "origins:delay",
                        "ticks": 4,
                        "action": {
                            "type": "origins:damage",
                            "amount": 3,
                            "damage_type": "thorigins:foxie_bite",
                            "source": {
                                "name": "thorigins:foxie_bite.item"
                            }
                        }
                    }
                },
                {
                    "type": "origins:delay",
                    "ticks": 4,
                    "action": {
                        "type": "origins:and",
                        "actions": [
                            {
                                "type": "origins:target_action",
                                "action": {
                                    "type": "origins:and",
                                    "actions": [
                                        {
                                            "type": "origins:play_sound",
                                            "sound": "minecraft:entity.zombie.break_wooden_door",
                                            "volume": 0.3,
                                            "pitch": 1.5
                                        },
                                        {
                                            "type": "origins:apply_effect",
                                            "effects": [
                                                {
                                                    "effect": "minecraft:weakness",
                                                    "duration": 60,
                                                    "amplifier": 0,
                                                    "is_ambient": false,
                                                    "show_icon": true,
                                                    "show_particles": false
                                                },
                                                {
                                                    "effect": "minecraft:nausea",
                                                    "duration": 100,
                                                    "amplifier": 0,
                                                    "is_ambient": false,
                                                    "show_icon": true,
                                                    "show_particles": false
                                                }
                                            ]
                                        }
                                    ]
                                }
                            },
                            {
                                "type": "origins:actor_action",
                                "action": {
                                    "type": "origins:and",
                                    "actions": [
                                        {
                                            "type": "origins:play_sound",
                                            "sound": "minecraft:entity.fox.eat",
                                            "pitch": 1.2,
                                            "volume": 1.0
                                        },
                                        {
                                            "type": "origins:execute_command",
                                            "command": "/particle dust_color_transition 1 0 0 1.2 0.15 0 0 ^ ^1.1 ^0.4 0.1 0.1 0.1 5 8 force"
                                        },
                                        {
                                            "type": "origins:execute_command",
                                            "command": "/particle dust_color_transition 1 0 0 0.5 0.15 0 0 ^ ^1.1 ^0.4 0.15 0.15 0.15 10 16 force"
                                        },
                                        {
                                            "type": "origins:feed",
                                            "food": 2,
                                            "saturation": 2
                                        },
                                        {
                                            "type": "origins:if_else",
                                            "condition": {
                                                "type": "origins:resource",
                                                "resource":"*:thhunt_timer2",
                                                "compare_to": 70,
                                                "comparison": "<"
                                            },
                                            "if_action": {
                                                "type": "origins:change_resource",
                                                "resource":"*:thhunt_timer2",
                                                "change": 30
                                            },
                                            "else_action": {
                                                "type": "origins:change_resource",
                                                "resource":"*:thhunt_timer2",
                                                "change": 1,
                                                "operation": "set"
                                            }
                                        }
                                    ]
                                }
                            }
                        ]
                    }
                }
            ]
        },
        "damage_condition": {
            "type": "origins:and",
            "conditions": [
                {
                    "type": "origins:projectile",
                    "inverted": true
                },
                {
                    "type": "origins:amount",
                    "compare_to": 1,
                    "comparison": ">"
                },
                {
                    "type": "origins:attacker",
                    "entity_condition": {
                        "type": "origins:fall_distance",
                        "compare_to": 0.5,
                        "comparison": ">="                        
                    }
                }
            ]
        },
        "bientity_condition": {
            "type": "origins:actor_condition",
            "condition": {
                "type": "origins:and",
                "conditions": [
                    {
                        "type": "origins:power_active",
                        "power": "*:*_toggle"
                    },
                    {
                        "type": "origins:sneaking",
                        "inverted": true
                    },
                    {
                        "type": "origins:resource",
                        "resource":"*:thhunt_timer2",
                        "compare_to": 0,
                        "comparison": ">"
                    },
                    {
                        "type": "origins:resource",
                        "resource":"*:*_munch_cd",
                        "compare_to": 0,
                        "comparison": "=="
                    }
                ]                
            }
        }
    },

    "munch_cd":{
        "type": "origins:cooldown",
        "cooldown": 10,
        "hud_render": {
            "should_render": false
        }
    },

    "critsoff-landing":{
        "type": "origins:action_on_land",
        "entity_action": 
            {
                "type": "origins:toggle",
                "power": "*:*_toggle"
            },
        "condition": {
            "type": "origins:power_active",
            "power": "*:*_toggle"
        }
    },

    "hungry_fail_sound":{
        "type": "origins:active_self",
        "condition":{
            "type": "origins:or",
            "conditions": [
                {
                    "type": "origins:food_level",
                    "comparison": "<=",
                    "compare_to": 0
                }
            ]
        },
        "entity_action": {
            "type": "origins:play_sound",
            "sound": "minecraft:entity.fox.sleep",
            "volume": 1
        },
        "key": {
            "key": "key.origins.primary_active"
        },
        "cooldown": 40
    },

    "maxjumpcount":{
        "type": "origins:resource",
        "hud_render": {
            "should_render": false
        },
        "max": 2,
        "min": 0,
        "start_value": 2
    },

    "falling_invulnerability":{
        "type": "origins:modify_damage_taken",
        "bientity_condition":{
            "type": "origins:target_condition",
            "condition":{
                "type":"origins:and",
                "conditions":[
                    {
                        "type": "origins:power_active",
                        "power": "*:*_toggle"
                    },
                    {
                        "type": "origins:sneaking",
                        "inverted": true
                    },
                    {
                        "type": "origins:fall_flying",
                        "inverted": true
                    }
                ]
            }
        },
        "modifier": {
            "name": "Origin modifier",
            "operation":"multiply_base",
            "value": 1
        },
        "bientity_action": {
            "type": "origins:target_action",
            "action": {
                "type": "origins:play_sound",
                "sound": "minecraft:entity.fox.screech",
                "pitch": 1.5,
                "volume": 1.5
            }
        }
    },

    "total_reset": {  
        "type": "origins:action_over_time",
        "interval": 1,
        "entity_action":{
            "type": "origins:and",
            "actions": [
                {
                    "type": "origins:execute_command",
                    "command": "/scale reset pehkui:reach @s"
                },
                {
                    "type": "origins:modify_resource",
                    "resource": "*:*_maxjumpcount",
                    "modifier": {
                        "operation": "addition",
                        "value": 2
                    }
                }
            ]
        },
        "condition":{
            "type": "origins:or",
            "conditions": [
                {
                    "type": "origins:on_block"
                },
                {
                    "type": "origins:in_block_anywhere",
                    "compare_to": 0,
                    "comparison": ">",
                    "block_condition":{
                        "type": "origins:block",
                        "block": "air",
                        "inverted": true
                    }
                }
            ]
        }
    },

    "combo":{
        "type": "origins:self_action_on_kill",
        "cooldown": 0,
        "entity_action":{
            "type": "origins:and",
            "actions": [
                {
                    "type": "origins:change_resource",
                    "resource":"*:*_maxjumpcount",
                    "change": 1
                },
                {
                    "type": "origins:change_resource",
                    "resource": "*:*_dash2",
                    "change": 30,
                    "operation": "set"
                },
                {
                    "type": "origins:trigger_cooldown",
                    "power": "*:*_combo_time"
                },
                {
                    "type": "origins:change_resource",
                    "resource": "*:*_dash2_crit",
                    "change": 30,
                    "operation": "set"
                },
                {
                    "type": "origins:play_sound",
                    "sound": "minecraft:block.enchantment_table.use",
                    "volume": 0.3,
                    "pitch": 1.5
                }
            ]
        },
        "condition":{
            "type": "origins:and",
            "conditions": [
                {
                    "type": "origins:resource",
                    "resource": "*:*_dashmain",
                    "compare_to": 0,
                    "comparison": ">"
                },
                {
                    "type": "origins:power_active",
                    "power": "*:*_toggle"
                }
            ]
        }
    },

    "combo_time":{
        "type": "origins:cooldown",
        "cooldown": 30,
        "hud_render": {
            "should_render": false
        }
    },

    "maindash_priority_reset_things":{
        "type": "origins:action_over_time",
        "interval": 1,
        "entity_action": {
            "type": "origins:and",
            "actions": [
                {
                    "type": "origins:change_resource",
                    "resource":"*:*_dash2",
                    "change": 30,
                    "operation": "set"
                },
                {
                    "type": "origins:change_resource",
                    "resource": "*:*_combo_time",
                    "change": 30,
                    "operation": "set"
                }
            ]
        },
        "condition": {
            "type": "origins:and",
            "conditions": [
                {
                    "type": "origins:resource",
                    "resource":"*:*_dashmain",
                    "compare_to": 1,
                    "comparison": "=="
                }
            ]
        }
    }
}
    