{
    "type": "origins:multiple",
    "badges": [
        {
            "type": "origins:keybind",
            "text": "origin.thorigin.passive",
            "sprite":"minecraft:textures/item/bread.png"
        }
    ],

    "sweet_berries":{
        "type": "origins:modify_food",
        "item_condition": {
            "type": "origins:ingredient",
            "ingredient":{
                "item": "sweet_berries"
            }
        },
        "food_modifier": {
            "name": "Origin modifier",
            "operation": "addition",
            "value": 4.0
        },
        "saturation_modifier": {
            "name": "Origin modifier",
            "operation":"addition",
            "value": 16.0
        },
        "entity_action":{
            "type": "origins:and",
            "actions": [
                {
                    "type": "origins:apply_effect",
                    "effect": {
                        "effect": "regeneration",
                        "amplifier": 0,
                        "duration": 60,
                        "show_icon": true,
                        "show_particles": true,
                        "is_ambient": false
                    }
                },
                {
                    "type": "origins:choice",
                    "actions": [
                        {
                            "element": {
                                "type": "origins:nothing"
                            },
                            "weight": 75
                        },
                        {
                            "weight": 5,
                            "element": {
                                "type": "origins:choice",
                                "actions": [
                                {
                                    "weight": 10,
                                    "element": {
                                        "type": "origins:apply_effect",
                                        "effect": {
                                            "effect": "strength",
                                            "amplifier": 0,
                                            "duration": 600,
                                            "show_particles": false,
                                            "is_ambient": false
                                        }
                                    }
                                },
                                {
                                    "weight": 10,
                                    "element": {
                                        "type": "origins:apply_effect",
                                        "effect": {
                                            "effect": "absorption",
                                            "amplifier": 0,
                                            "duration": 600,
                                            "show_particles": false,
                                            "is_ambient": false
                                        }
                                    }
                                },
                                {
                                    "weight": 10,
                                    "element": {
                                        "type": "origins:apply_effect",
                                        "effect": {
                                            "effect": "haste",
                                            "amplifier": 0,
                                            "duration": 600,
                                            "show_particles": false,
                                            "is_ambient": false
                                        }
                                    }
                                },
                                {
                                    "weight": 10,
                                    "element": {
                                        "type": "origins:apply_effect",
                                        "effect": {
                                            "effect": "instant_health",
                                            "amplifier": 0,
                                            "duration": 1,
                                            "show_particles": false,
                                            "is_ambient": false
                                        }
                                    }
                                },
                                {
                                    "weight": 10,
                                    "element": {
                                        "type": "origins:apply_effect",
                                        "effect": {
                                            "effect": "jump_boost",
                                            "amplifier": 0,
                                            "duration": 600,
                                            "show_particles": false,
                                            "is_ambient": false
                                        }
                                    }
                                },
                                {
                                    "weight": 10,
                                    "element": {
                                        "type": "origins:apply_effect",
                                        "effect": {
                                            "effect": "speed",
                                            "amplifier": 0,
                                            "duration": 600,
                                            "show_particles": false,
                                            "is_ambient": false
                                        }
                                    }
                                },
                                {
                                    "weight": 10,
                                    "element": {
                                        "type": "origins:apply_effect",
                                        "effect": {
                                            "effect": "luck",
                                            "amplifier": 0,
                                            "duration": 600,
                                            "show_particles": false,
                                            "is_ambient": false
                                        }
                                    }
                                },
                                {
                                    "weight": 10,
                                    "element": {
                                        "type": "origins:apply_effect",
                                        "effect": {
                                            "effect": "resistance",
                                            "amplifier": 0,
                                            "duration": 600,
                                            "show_particles": false,
                                            "is_ambient": false
                                        }
                                    }
                                },
                                {
                                    "weight": 10,
                                    "element": {
                                        "type": "origins:apply_effect",
                                        "effect": {
                                            "effect": "saturation",
                                            "amplifier": 0,
                                            "duration": 600,
                                            "show_particles": false,
                                            "is_ambient": false
                                        }
                                    }
                                },
                                {
                                    "weight": 10,
                                    "element": {
                                        "type": "origins:apply_effect",
                                        "effect": {
                                            "effect": "regeneration",
                                            "amplifier": 1,
                                            "duration": 600,
                                            "show_particles": false,
                                            "is_ambient": false
                                        }
                                    }
                                }
                                ]
                            }
                        },
                        {
                            "element": {
                                "type": "origins:and",
                                "actions": [
                                    {
                                        "type": "origins:give",
                                        "stack": {
                                            "item": "sweet_berries"
                                        },
                                        "preferred_slot": "mainhand"
                                    }
                                ]
                            },
                            "weight": 20
                        }
                    ]
                }
            ]
        },
        "always_edible": true
    },

    "glow_berries":{
        "type": "origins:modify_food",
        "item_condition": {
            "type": "origins:ingredient",
            "ingredient":{
            "item": "glow_berries"
            }
        },
        "food_modifier": {
            "name": "Origin modifier",
            "operation": "addition",
            "value": 4.0
        },
        "saturation_modifier": {
            "name": "Origin modifier",
            "operation":"addition",
            "value": 16.0
        },
        "entity_action":{
            "type": "origins:and",
            "actions": [
                {
                    "type": "origins:apply_effect",
                    "effect": {
                        "effect": "regeneration",
                        "amplifier": 0,
                        "duration": 60,
                        "show_icon": true,
                        "show_particles": true,
                        "is_ambient": false
                    }
                },
                {
                    "type": "origins:choice",
                    "actions": [
                        {
                            "element": {
                                "type": "origins:nothing"
                            },
                            "weight": 70
                        },
                        {
                            "weight": 10,
                            "element": {
                                "type": "origins:choice",
                                "actions": [
                                {
                                    "weight": 10,
                                    "element": {
                                        "type": "origins:apply_effect",
                                        "effect": {
                                            "effect": "strength",
                                            "amplifier": 0,
                                            "duration": 600,
                                            "show_particles": false,
                                            "is_ambient": false
                                        }
                                    }
                                },
                                {
                                    "weight": 10,
                                    "element": {
                                        "type": "origins:apply_effect",
                                        "effect": {
                                            "effect": "absorption",
                                            "amplifier": 0,
                                            "duration": 600,
                                            "show_particles": false,
                                            "is_ambient": false
                                        }
                                    }
                                },
                                {
                                    "weight": 10,
                                    "element": {
                                        "type": "origins:apply_effect",
                                        "effect": {
                                            "effect": "haste",
                                            "amplifier": 0,
                                            "duration": 600,
                                            "show_particles": false,
                                            "is_ambient": false
                                        }
                                    }
                                },
                                {
                                    "weight": 10,
                                    "element": {
                                        "type": "origins:apply_effect",
                                        "effect": {
                                            "effect": "instant_health",
                                            "amplifier": 0,
                                            "duration": 1,
                                            "show_particles": false,
                                            "is_ambient": false
                                        }
                                    }
                                },
                                {
                                    "weight": 10,
                                    "element": {
                                        "type": "origins:apply_effect",
                                        "effect": {
                                            "effect": "jump_boost",
                                            "amplifier": 0,
                                            "duration": 600,
                                            "show_particles": false,
                                            "is_ambient": false
                                        }
                                    }
                                },
                                {
                                    "weight": 10,
                                    "element": {
                                        "type": "origins:apply_effect",
                                        "effect": {
                                            "effect": "speed",
                                            "amplifier": 0,
                                            "duration": 600,
                                            "show_particles": false,
                                            "is_ambient": false
                                        }
                                    }
                                },
                                {
                                    "weight": 10,
                                    "element": {
                                        "type": "origins:apply_effect",
                                        "effect": {
                                            "effect": "luck",
                                            "amplifier": 0,
                                            "duration": 600,
                                            "show_particles": false,
                                            "is_ambient": false
                                        }
                                    }
                                },
                                {
                                    "weight": 10,
                                    "element": {
                                        "type": "origins:apply_effect",
                                        "effect": {
                                            "effect": "resistance",
                                            "amplifier": 0,
                                            "duration": 600,
                                            "show_particles": false,
                                            "is_ambient": false
                                        }
                                    }
                                },
                                {
                                    "weight": 10,
                                    "element": {
                                        "type": "origins:apply_effect",
                                        "effect": {
                                            "effect": "saturation",
                                            "amplifier": 0,
                                            "duration": 600,
                                            "show_particles": false,
                                            "is_ambient": false
                                        }
                                    }
                                },
                                {
                                    "weight": 10,
                                    "element": {
                                        "type": "origins:apply_effect",
                                        "effect": {
                                            "effect": "regeneration",
                                            "amplifier": 1,
                                            "duration": 600,
                                            "show_particles": false,
                                            "is_ambient": false
                                        }
                                    }
                                }
                                ]
                            }
                        },
                        {
                            "element": {
                                "type": "origins:and",
                                "actions": [
                                    {
                                        "type": "origins:give",
                                        "stack": {
                                            "item": "glow_berries"
                                        },
                                        "preferred_slot": "mainhand"
                                    }
                                ]
                            },
                            "weight": 20
                        }
                    ]
                }
            ]
        },
        "always_edible": true
    },

    "meat":{
        "type": "origins:modify_food",
        "item_condition": {
            "type": "origins:or",
            "conditions": [
                {
                    "type": "origins:ingredient",
                    "ingredient":{
                        "item": "chicken"
                    }
                },
                {
                    "type": "origins:ingredient",
                    "ingredient":{
                        "item": "rabbit"
                    }
                },
                {
                    "type": "origins:ingredient",
                    "ingredient":{
                        "item": "cooked_chicken"
                    }
                },
                {
                    "type": "origins:ingredient",
                    "ingredient":{
                        "item": "cooked_rabbit"
                    }
                },
                {
                    "type": "origins:ingredient",
                    "ingredient":{
                        "item": "cod"
                    }
                },
                {
                    "type": "origins:ingredient",
                    "ingredient":{
                        "item": "salmon"
                    }
                },
                {
                    "type": "origins:ingredient",
                    "ingredient":{
                        "item": "cooked_cod"
                    }
                },
                {
                    "type": "origins:ingredient",
                    "ingredient":{
                        "item": "cooked_salmon"
                    }
                },
                {
                    "type": "origins:ingredient",
                    "ingredient":{
                        "item": "tropical_fish"
                    }
                },
                {
                    "type": "origins:ingredient",
                    "ingredient":{
                        "item": "rabbit_stew"
                    }
                }
            ]
        },
        "food_modifier": {
            "name": "Origin modifier",
            "operation": "addition",
            "value": 2.0
        },
        "saturation_modifier": {
            "name": "Origin modifier",
            "operation":"addition",
            "value": 5.0
        },
        "prevent_effects": true,
        "entity_action": {
            "type": "origins:apply_effect",
            "effect": {
                "effect": "regeneration",
                "amplifier": 0,
                "duration": 60,
                "show_icon": true,
                "show_particles": true,
                "is_ambient": false
            }
        },
        "always_edible": true
    },

    "neutral_food":{
        "type": "origins:modify_food",
        "item_condition": {
            "type": "origins:or",
            "conditions": [
                {
                    "type": "origins:ingredient",
                    "ingredient":{
                        "item": "apple"
                    }
                },
                {
                    "type": "origins:ingredient",
                    "ingredient":{
                        "item": "rotten_flesh"
                    }
                }
            ]
        },
        "prevent_effects": true
    },

    "otherfood":{
        "type": "origins:modify_food",
        "item_condition": {
            "type": "origins:or",
            "inverted": true,
            "conditions": [
                {
                    "type": "origins:ingredient",
                    "ingredient":{
                        "item": "sweet_berries"
                    }
                },
                {
                    "type": "origins:ingredient",
                    "ingredient":{
                        "item": "glow_berries"
                    }
                },
                {
                    "type": "origins:ingredient",
                    "ingredient":{
                        "item": "chicken"
                    }
                },
                {
                    "type": "origins:ingredient",
                    "ingredient":{
                        "item": "rabbit"
                    }
                },
                {
                    "type": "origins:ingredient",
                    "ingredient":{
                        "item": "cooked_chicken"
                    }
                },
                {
                    "type": "origins:ingredient",
                    "ingredient":{
                        "item": "cooked_rabbit"
                    }
                },
                {
                    "type": "origins:ingredient",
                    "ingredient":{
                        "item": "cod"
                    }
                },
                {
                    "type": "origins:ingredient",
                    "ingredient":{
                        "item": "salmon"
                    }
                },
                {
                    "type": "origins:ingredient",
                    "ingredient":{
                        "item": "cooked_cod"
                    }
                },
                {
                    "type": "origins:ingredient",
                    "ingredient":{
                        "item": "cooked_salmon"
                    }
                },
                {
                    "type": "origins:ingredient",
                    "ingredient":{
                        "item": "tropical_fish"
                    }
                },
                {
                    "type": "origins:ingredient",
                    "ingredient":{
                        "item": "rabbit_stew"
                    }
                },
                {
                    "type": "origins:ingredient",
                    "ingredient":{
                        "item": "golden_apple"
                    }
                },
                {
                    "type": "origins:ingredient",
                    "ingredient":{
                        "item": "enchanted_golden_apple"
                    }
                },
                {
                    "type": "origins:ingredient",
                    "ingredient":{
                        "item": "golden_carrot"
                    }
                },
                {
                    "type": "origins:ingredient",
                    "ingredient":{
                        "item": "apple"
                    }
                },
                {
                    "type": "origins:ingredient",
                    "ingredient":{
                        "item": "rotten_flesh"
                    }
                }
            ]
        },
        "food_modifier": {
            "name": "Origin modifier",
            "operation": "multiply_base",
            "value": -0.25
        },
        "saturation_modifier": {
            "name": "Origin modifier",
            "operation":"multiply_base",
            "value": -0.25
        }
    }
}