{
    "type": "origins:multiple",
    "badges": [
        {
            "type": "origins:keybind",
            "sprite": "minecraft:textures/item/feather.png",
            "text": "origin.thorigin.passive"
        }
    ],

    "nofalldamage":{
        "type": "origins:invulnerability",
        "damage_condition": {
            "type": "origins:name",
            "name": "fall"
        },
        "condition":{
            "type": "origins:and",
            "conditions": [
                {
                    "type": "origins:fall_distance",
                    "comparison": "<=",
                    "compare_to": 23
                }
            ]
        } 

    },

    "reducefalldamage":{
        "type": "origins:modify_damage_taken",
        "damage_condition": {
            "type": "origins:name",
            "name": "fall"
        },
        "modifier": {
            "operation":"multiply_base",
            "value": -0.8
        },
        "condition":{
            "type": "origins:and",
            "conditions": [
                {
                    "type": "origins:sneaking"
                }
            ]
        } 

    },

    "fast":{
        "type": "origins:modify_attribute",
        "attribute":"minecraft:generic.movement_speed",
        "modifier": {
            "operation":"multiply_base",
            "value": 0.4
        },
        "condition": {
            "type": "origins:and",
            "conditions":[
                {
                    "type": "origins:sprinting"
                },
                {
                    "type": "origins:sneaking",
                    "inverted": true
                }
            ]
        }
    },

    "jumpy":{
        "type": "origins:modify_jump",
        "modifier": {
            "operation":"multiply_base",
            "value": 0.4
        },
        "condition": {
            "type": "origins:and",
            "conditions":[
                {
                    "type": "origins:sprinting"
                },
                {
                    "type": "origins:sneaking",
                    "inverted": true
                }
            ]
        }
    }
}