{
    "type": "origins:multiple",
    "badges": [
        {
            "type": "origins:keybind",
            "sprite": "minecraft:textures/item/egg.png",
            "text": "origin.thorigin.passive"
        }
    ],
    "hidden": true,

    "wardenkills":{
        "type": "origins:resource",
        "hud_render": {
            "should_render": false
        },
        "min": 0,
        "max": 65535,
        "start_value": 0
    },

    "wardenkillstracker":{
        "type": "origins:self_action_on_kill",
        "target_condition": {
            "type": "origins:entity_type",
            "entity_type": "minecraft:warden"
        },
        "entity_action": {
            "type": "origins:modify_resource",
            "resource": "*:*_wardenkills",
            "modifier": {
                "operation": "addition",
                "value": 1
            }
        },
        "cooldown": 0
    },

    "witherkills":{
        "type": "origins:resource",
        "hud_render": {
            "should_render": false
        },
        "min": 0,
        "max": 65535,
        "start_value": 0
    },

    "witherkillstracker":{
        "type": "origins:self_action_on_kill",
        "target_condition": {
            "type": "origins:entity_type",
            "entity_type": "minecraft:wither"
        },
        "entity_action": {
            "type": "origins:modify_resource",
            "resource": "*:*_witherkills",
            "modifier": {
                "operation": "addition",
                "value": 1
            }
        },
        "cooldown": 0
    },

    "edragkills":{
        "type": "origins:resource",
        "hud_render": {
            "should_render": false
        },
        "min": 0,
        "max": 65535,
        "start_value": 0
    },

    "edragkillstracker":{
        "type": "origins:self_action_on_kill",
        "target_condition": {
            "type": "origins:entity_type",
            "entity_type": "minecraft:ender_dragon"
        },
        "entity_action": {
            "type": "origins:modify_resource",
            "resource": "*:*_edragkills",
            "modifier": {
                "operation": "addition",
                "value": 1
            }
        },
        "cooldown": 0
    },

    "thunderstruck":{
        "type": "origins:resource",
        "hud_render": {
            "should_render": false
        },
        "min": 0,
        "max": 65535,
        "start_value": 0
    },

    "thunderstrucktracker":{
        "type": "origins:action_when_damage_taken",
        "damage_condition": {
            "type": "origins:name",
            "name": "lightningBolt"
        },
        "entity_action": {
            "type": "origins:modify_resource",
            "resource": "*:*_thunderstruck",
            "modifier": {
                "operation": "addition",
                "value": 1
            }
        },
        "cooldown": 0
    },

    "death":{
        "type": "origins:resource",
        "hud_render": {
            "should_render": false
        },
        "min": 0,
        "max": 65535,
        "start_value": 0
    },

    "deathtracker":{
        "type": "origins:self_action_when_hit",
        "condition": {
            "type": "origins:nbt",
            "nbt": "{Health:0.0f}"
        },
        "entity_action": {
            "type": "origins:modify_resource",
            "resource": "*:*_death",
            "modifier": {
                "operation": "addition",
                "value": 1
            }
        },
        "cooldown": 0
    },

    "cheat_mode":{
        "type": "origins:toggle",
        "active_by_default": false,
        "key":"key.origins.ternary_active"
    },
    
    "detect_gamemode":{
        "type": "origins:action_over_time",
        "condition":{
            "type": "origins:and",
            "conditions": [
                {
                    "type": "origins:gamemode",
                    "gamemode": "creative",
                    "inverted": true
                },
                {
                    "type": "origins:power_active",
                    "power": "*:*_cheat_mode"
                }
            ]
        },
        "interval": 1,
        "entity_action": {
            "type": "origins:toggle",
            "power": "*:*_cheat_mode"
        }
    },

    "detect_gamemode2":{
        "type": "origins:action_over_time",
        "condition":{
            "type": "origins:and",
            "conditions": [
                {
                    "type": "origins:gamemode",
                    "gamemode": "creative"
                },
                {
                    "type": "origins:power_active",
                    "power": "*:*_cheat_mode",
                    "inverted": true
                }
            ]
        },
        "interval": 1,
        "entity_action": {
            "type": "origins:toggle",
            "power": "*:*_cheat_mode"
        }
    },

    "give_foodpoint_for_cheat":{
        "type": "origins:action_over_time",
        "interval": 1,
        "condition": {
            "type": "origins:power_active",
            "power": "*:*_cheat_mode"
        },
        "entity_action": {
            "type": "origins:feed",
            "food": 1,
            "saturation": 1
        }
    },

    "reset_transformation_for_cheat":{
        "type": "origins:action_over_time",
        "interval": 1,
        "condition":{
            "type": "origins:and",
            "conditions": [
                {
                    "type": "origins:power_active",
                    "power": "*:*_cheat_mode"
                }, 
                {
                    "type": "origins:resource",
                    "resource":"*:thtransform_cooldown",
                    "compare_to": 0,
                    "comparison": "!="
                }
            ]
        },
        "entity_action": {
            "type": "origins:modify_resource",
            "resource":"*:thtransform_cooldown",
            "modifier": {
                "operation":"set_total",
                "value": 0
            }
        }
    },

    "no_cd":{
        "type": "origins:resource",
        "min": 0,
        "max": 2,
        "start_value": 0,
        "hud_render": {
            "should_render": false
        }
    },

    "no_cd_off":{
        "type": "origins:action_over_time",
        "interval": 1,
        "condition": {
            "type": "origins:resource",
            "resource":"*:*_no_cd",
            "compare_to": 2,
            "comparison": "=="
        },
        "entity_action": {
            "type": "origins:modify_resource",
            "resource":"*:*_no_cd",
            "modifier": {
                "operation":"set_total",
                "value": 0
            }
        }
    },

    "no_cd_cheat":{
        "type": "origins:action_over_time",
        "interval": 1,
        "condition": {
            "type": "origins:resource",
            "resource":"*:*_no_cd",
            "compare_to": 1,
            "comparison": "=="
        },
        "entity_action": {
            "type": "origins:and",
            "actions": [
                {
                    "type": "origins:modify_resource",
                    "resource":"*:thdash_dash2_cd_check",
                    "modifier": {
                        "operation":"set_total",
                        "value": 0
                    }
                },
                {
                    "type": "origins:modify_resource",
                    "resource":"*:thdash_dashmain",
                    "modifier": {
                        "operation":"set_total",
                        "value": 0
                    }
                },
                {
                    "type": "origins:modify_resource",
                    "resource":"*:thdash_dash2",
                    "modifier": {
                        "operation":"set_total",
                        "value": 0
                    }
                },
                {
                    "type": "origins:modify_resource",
                    "resource":"*:thdash_dash2_crit",
                    "modifier": {
                        "operation":"set_total",
                        "value": 0
                    }
                }
            ]
        }
    },

    "no_cd_cheat2":{
        "type": "origins:action_over_time",
        "interval": 1,
        "condition":{
            "type": "origins:and",
            "conditions": [
                {
                    "type": "origins:resource",
                    "resource":"*:*_no_cd",
                    "compare_to": 1,
                    "comparison": "=="
                },
                {
                    "type": "origins:resource",
                    "resource":"*:thdash_maxjumpcount",
                    "compare_to": 0,
                    "comparison": "=="
                }
            ]
        },
        "entity_action": {
            "type": "origins:modify_resource",
            "resource":"*:thdash_maxjumpcount",
            "modifier": {
                "operation":"set_total",
                "value": 1
            }
        }
    }
}