{
    "type": "origins:multiple",
    "badges": [
        {
            "type": "origins:keybind",
            "sprite": "minecraft:textures/item/egg.png",
            "text": "origin.thorigin.passive"
        }
    ],

    "fear": {
        "type": "origins:resource",
        "hud_render": {
            "should_render": false
        },
        "max": 5,
        "min": 0,
        "start_value": 0,
        "max_action": {
            "type": "origins:trigger_cooldown",
            "power": "*:*_feartimer"
        }
    },

    "feartimer": {
        "type": "origins:cooldown",
        "cooldown": 100,
        "hud_render": {
            "should_render": false
        }
    },

    "fear_rectifier": {
        "type": "origins:action_over_time",
        "interval": 2,
        "condition": {
            "type": "origins:resource",
            "resource": "*:*_feartimer",
            "compare_to": 0,
            "comparison": "=="
        },
        "entity_action": {
            "type": "origins:change_resource",
            "resource": "*:*_fear",
            "change": -1
        }
    },

    "shakingoffear": {
        "type": "origins:shaking",
        "condition": {
            "type": "origins:resource",
            "resource": "*:*_shakingtimer",
            "comparison": ">",
            "compare_to": 0
        }
    },

    "shakingtimer": {
        "type": "origins:cooldown",
        "cooldown": 160,
        "hud_render": {
            "should_render": false
        }
    },

    "fears_controller_applier": {
        "type": "origins:action_over_time",
        "interval": 1,
        "entity_action": {
            "type": "origins:and",
            "actions": [
                {
                    "type": "origins:if_else",
                    "condition": {
                        "type": "origins:resource",
                        "resource": "*:*_fear",
                        "compare_to": 4,
                        "comparison": ">="
                    },
                    "if_action": {
                        "type": "origins:and",
                        "actions": [
                            {
                                "type": "origins:apply_effect",
                                "effects": [
                                    {
                                        "effect": "speed",
                                        "amplifier": 0,
                                        "duration": 102,
                                        "show_icon": true,
                                        "show_particles": false,
                                        "is_ambient": false
                                    },
                                    {
                                        "effect": "weakness",
                                        "amplifier": 0,
                                        "duration": 102,
                                        "show_icon": true,
                                        "show_particles": false,
                                        "is_ambient": false
                                    }
                                ]
                            },
                            {
                                "type": "origins:change_resource",
                                "resource": "*:*_fear",
                                "change": -1
                            }
                        ]
                    }
                },
                {
                    "type": "origins:if_else",
                    "condition": {
                        "type": "origins:resource",
                        "resource": "*:*_fear",
                        "compare_to": 3,
                        "comparison": ">="
                    },
                    "if_action": {
                        "type": "origins:trigger_cooldown",
                        "power": "*:*_shakingtimer"
                    }
                },
                {
                    "type": "origins:execute_command",
                    "command": "/execute at @e[type=wolf,distance=..18,sort=nearest,limit=1] run resource change @s thorigins:thshy_fear 1"
                },
                {
                    "type": "origins:execute_command",
                    "command": "/execute at @e[type=polar_bear,distance=..16,sort=nearest,limit=1] run resource change @s thorigins:thshy_fear 1"
                },
                {
                    "type": "origins:if_else",
                    "condition": {
                        "type": "origins:advancement",
                        "advancement": "minecraft:adventure/hero_of_the_village",
                        "inverted": true
                    },
                    "if_action": {
                        "type": "origins:execute_command",
                        "command": "/execute at @e[type=villager,distance=..16,sort=nearest,limit=1] run resource change @s thorigins:thshy_fear 1"
                    }
                },
                {
                    "type": "origins:if_else",
                    "condition": {
                        "type": "origins:resource",
                        "resource": "*:thtrackers_wardenkills",
                        "comparison": "<",
                        "compare_to": 3
                    },
                    "if_action": {
                        "type": "origins:execute_command",
                        "command": "/execute at @e[type=warden,distance=..30,sort=nearest,limit=1] run resource change @s thorigins:thshy_fear 1"
                    }
                },
                {
                    "type": "origins:if_else",
                    "condition": {
                        "type": "origins:resource",
                        "resource": "*:thtrackers_witherkills",
                        "comparison": "<",
                        "compare_to": 1
                    },
                    "if_action": {
                        "type": "origins:execute_command",
                        "command": "/execute at @e[type=wither,distance=..50,sort=nearest,limit=1] run resource change @s thorigins:thshy_fear 1"
                    }
                },
                {
                    "type": "origins:if_else",
                    "condition": {
                        "type": "origins:resource",
                        "resource": "*:thtrackers_edragkills",
                        "comparison": "<",
                        "compare_to": 1
                    },
                    "if_action": {
                        "type": "origins:execute_command",
                        "command": "/execute at @e[type=ender_dragon,distance=..150,sort=nearest,limit=1] run resource change @s thorigins:thshy_fear 1"
                    }
                },
                {
                    "type": "origins:if_else",
                    "condition": {
                        "type": "origins:resource",
                        "resource": "*:thtrackers_thunderstruck",
                        "comparison": "<",
                        "compare_to": 16
                    },
                    "if_action": {
                        "type": "origins:execute_command",
                        "command": "/execute at @e[type=lightning_bolt,sort=nearest,limit=1] run resource change @s thorigins:thshy_fear 5"
                    }
                },
                {
                    "type": "origins:if_else",
                    "condition": {
                        "type": "origins:and",
                        "conditions": [
                            {
                                "type": "origins:health",
                                "comparison": "<=",
                                "compare_to": 6
                            },
                            {
                                "type": "origins:resource",
                                "resource": "*:thtrackers_death",
                                "comparison": "<",
                                "compare_to": 8
                            }
                        ]
                    },
                    "if_action": {
                        "type": "origins:execute_command",
                        "command": "/resource change @s thorigins:thshy_fear 1"
                    }
                },
                {
                    "type": "origins:if_else",
                    "condition": {
                        "type": "origins:and",
                        "conditions": [
                            {
                                "type": "origins:dimension",
                                "dimension": "minecraft:the_nether"
                            },
                            {
                                "type": "origins:enchantment",
                                "enchantment": "fire_protection",
                                "calculation": "sum",
                                "compare_to": 4,
                                "comparison": "<"
                            },
                            {
                                "type": "origins:status_effect",
                                "effect": "minecraft:fire_resistance",
                                "inverted": true
                            },
                            {
                                "type": "origins:elytra_flight_possible",
                                "inverted": true
                            },
                            {
                                "type": "origins:resource",
                                "compare_to": 12000,
                                "comparison": "<",
                                "resource": "*:thtrackers_time.nether"
                            }
                        ]
                    },
                    "if_action": {
                        "type": "origins:execute_command",
                        "command": "/resource change @s thorigins:thshy_fear 1"
                    }
                },
                {
                    "type": "origins:if_else",
                    "condition": {
                        "type": "origins:and",
                        "conditions": [
                            {
                                "type": "origins:dimension",
                                "dimension": "minecraft:the_end"
                            },
                            {
                                "type": "origins:elytra_flight_possible",
                                "inverted": true
                            },
                            {
                                "type": "origins:resource",
                                "compare_to": 12000,
                                "comparison": "<",
                                "resource": "*:thtrackers_time.end"
                            }
                        ]
                    },
                    "if_action": {
                        "type": "origins:execute_command",
                        "command": "/resource change @s thorigins:thshy_fear 1"
                    }
                },
                {
                    "type": "origins:if_else",
                    "condition": {
                        "type": "origins:or",
                        "conditions": [
                            {
                                "type": "origins:resource",
                                "resource": "*:thhunt_timer",
                                "compare_to": 49,
                                "comparison": "<"
                            },
                            {
                                "type": "origins:resource",
                                "resource": "*:thhunt_timer2",
                                "compare_to": 0,
                                "comparison": ">"
                            }
                        ]
                    },
                    "if_action": {
                        "type": "origins:change_resource",
                        "resource": "*:*_fear",
                        "change": 0,
                        "operation": "set"
                    }
                }
            ]
        }
    },

    "bloodtrail": {
        "type": "origins:action_over_time",
        "condition": {
            "type": "origins:and",
            "conditions": [
                {
                    "type": "origins:health",
                    "comparison": "<=",
                    "compare_to": 4
                },
                {
                    "type": "origins:sneaking",
                    "inverted": true
                }
            ]
        },
        "interval": 10,
        "entity_action": {
            "type": "origins:execute_command",
            "command": "/particle dust_color_transition 1 0 0 1.5 0.15 0 0 ~ ~ ~ 0 0 0 0 1 force"
        }
    }
}
