{
    "type": "origins:multiple",
    "hidden": true,
    "badges": [
        {
            "type": "origins:keybind",
            "sprite": "minecraft:textures/item/barrier.png",
            "text": "origin.thorigin.passive"
        }
    ],

    "grant_trackers":{
        "type": "origins:action_on_callback",
        "entity_action_chosen": {
            "type": "origins:grant_power",
            "power": "thorigins:thtrackers",
            "source": "thoirigins:universal"
        }
    },

    "set_origin":{
        "type": "origins:action_on_callback",
        "entity_action_added": {
            "type": "origins:execute_command",
            "command": "/origin set @s thorigins:origin thorigins:default_fox"
        }
    }
}