{
    "type": "origins:multiple",
    "badges": [
        {
            "type": "origins:keybind",
            "sprite": "minecraft:textures/item/bone.png",
            "text": "origin.thorigin.sneak"
        }
    ],

    "double_tap_window":{
        "type": "origins:cooldown",
        "cooldown": 11,
        "hud_render": {
            "should_render": false
        }
    },

    "activate_le_switch":{
        "type": "origins:active_self",
        "key": {
            "key": "key.sneak"
        },
        "entity_action": {
            "type": "origins:toggle",
            "power": "*:*_le_switch"
        },
        "condition": {
            "type": "origins:and",
            "conditions": [
                {
                    "type": "origins:power_active",
                    "power": "le_switch",
                    "inverted": true
                },
                {
                    "type": "origins:resource",
                    "resource": "*:*_double_tap_window",
                    "comparison": ">",
                    "compare_to": 0
                }
            ]
        }
    },

    "le_switch":{
        "type": "origins:toggle",
        "active_by_default": false,
        "key":"key.origins.denary_active",
        "retain_state": false
    },

    "activate_cooldown": {
        "type": "origins:active_self",
        "key": {
            "key": "key.sneak"
        },
        "entity_action": {
            "type": "origins:delay",
            "ticks": 1,
            "action": {
                "type": "origins:trigger_cooldown",
                "power": "*:*_double_tap_window"
            }
        },
        "condition": {
            "type": "origins:resource",
            "resource": "*:*_double_tap_window",
            "comparison": "==",
            "compare_to": 0
        }
    },

    "reset_le_switch": {
        "type": "origins:action_over_time",
        "interval": 1,
        "entity_action": {
            "type": "origins:toggle",
            "power": "*:*_le_switch"
        },
        "condition": {
            "type": "origins:and",
            "conditions": [
                {
                    "type": "origins:power_active",
                    "power": "*:*_le_switch"
                },
                {
                    "type": "origins:sneaking",
                    "inverted": true
                }
            ]
        }
    },

    "reset_if_not_during_window": {
        "type": "origins:action_over_time",
        "interval": 1,
        "entity_action": {
            "type": "origins:trigger_cooldown",
            "power": "*:*_timer"
        },
        "condition": {
            "type": "origins:power_active",
            "power": "*:*_le_switch",
            "inverted": true
        }
    },

    "timer":{
        "type": "origins:cooldown",
        "cooldown": 50,
        "hud_render": {
            "should_render": true,
            "bar_index": 3,
            "condition": {
                "type": "origins:and",
                "conditions": [
                    {
                        "type": "origins:sneaking"
                    },
                    {
                        "type": "origins:power_active",
                        "power": "*:*_le_switch"
                    }
                ]
            }
        }
    },

    "invisibility":{
        "type": "origins:invisibility",
        "condition": {
            "type": "origins:and",
            "conditions": [
                {
                    "type": "origins:resource",
                    "resource":"*:*_timer",
                    "compare_to": 25,
                    "comparison": "<="
                }
            ]
        }
    },

    "start":{
        "type": "origins:active_self",
        "key": {
            "key": "key.sneak"
        },
        "entity_action": {
            "type": "origins:trigger_cooldown",
            "power": "*:*_timer"
        }
    },

    "resetwhenunsneak":{
        "type": "origins:action_over_time",
        "interval": 2,
        "entity_action": {
            "type": "origins:trigger_cooldown",
            "power": "*:*_timer"
        },
        "condition": { 
            "type": "origins:sneaking",
            "inverted": true
        }
    },

    "resetwhendash":{
        "type": "origins:active_self",
        "entity_action": {
            "type": "origins:trigger_cooldown",
            "power": "*:*_timer"
        },
        "cooldown": 30
    },

    "resetwhentakedamage":{
        "type": "origins:action_when_damage_taken",
        "damage_condition": {
            "type": "origins:or",
            "conditions":[
                {
                    "type": "origins:amount",
                    "comparison": ">=",
                    "compare_to": 3
                },
                {
                    "type": "origins:name",
                    "name": "onFire"
                },
                {
                    "type": "origins:name",
                    "name": "inFire"
                }
            ]
        },
        "entity_action": {
            "type": "origins:trigger_cooldown",
            "power": "*:*_timer"
        },
        "cooldown": 0
    },


    "resetwhenfall3blocks":{
        "type": "origins:action_over_time",
        "interval": 1,
        "entity_action": {
            "type": "origins:trigger_cooldown",
            "power": "*:*_timer"
        },
        "condition": {
            "type": "origins:fall_distance",
            "comparison": ">=",
            "compare_to": 3
        }
    },

    "timer2":{
        "type": "origins:cooldown",
        "cooldown": 100,
        "hud_render": {
            "should_render": true,
            "inverted": true,
            "bar_index": 5,
            "sprite_location": "origins:textures/gui/community/spiderkolo/resource_bar_01.png"

        }
    },

    "damagebonus_day":{
        "type":"origins:modify_damage_dealt",
        "modifier": {
            "operation":"multiply_base",
            "value": 0.25
        },
        "condition": {
            "type": "origins:and",
            "conditions": [
                {
                    "type": "origins:resource",
                    "resource": "*:*_timer2",
                    "comparison": ">",
                    "compare_to": 0
                },
                {
                    "type": "origins:and",
                    "inverted": true,
                    "conditions": [
                        {
                            "type": "origins:time_of_day",
                            "comparison": ">=",
                            "compare_to": 18000
                        },
                        {
                            "type": "origins:time_of_day",
                            "comparison": "<=",
                            "compare_to": 23000
                        }
                    ]
                }
            ]
        } 
    },

    "damagebonus_midnight":{
        "type":"origins:modify_damage_dealt",
        "modifier": {
            "operation":"multiply_base",
            "value": 0.5
        },
        "condition": {
            "type": "origins:and",
            "conditions": [
                {
                    "type": "origins:resource",
                    "resource": "*:*_timer2",
                    "comparison": ">",
                    "compare_to": 0
                },
                {
                    "type": "origins:and",
                    "conditions": [
                        {
                            "type": "origins:time_of_day",
                            "comparison": ">=",
                            "compare_to": 18000
                        },
                        {
                            "type": "origins:time_of_day",
                            "comparison": "<=",
                            "compare_to": 23000
                        }
                    ]
                }
            ]
        } 
    },

    "start2":{
        "type": "origins:action_over_time",
        "interval": 1,
        "entity_action": {
            "type": "origins:trigger_cooldown",
            "power": "*:*_timer2"
        },
        "condition":{
            "type": "origins:and",
            "conditions": [
             {
                "type": "origins:sneaking"
             },
            {
            "type": "origins:resource",
            "resource": "*:*_timer",
            "comparison": "==",
            "compare_to": 0
            }
            ]
         }
    },

    "transparent0":{
        "type": "origins:model_color",
        "alpha": 0.95,
        "condition": {
            "type": "origins:resource",
            "resource": "*:*_timer",
            "compare_to": 44,
            "comparison": "<="
        }
    },

    "transparent1":{
        "type": "origins:model_color",
        "alpha": 0.90,
        "condition": {
            "type": "origins:resource",
            "resource": "*:*_timer",
            "compare_to": 43,
            "comparison": "<="
        }
    },

    "transparent2":{
        "type": "origins:model_color",
        "alpha": 0.85,
        "condition": {
            "type": "origins:resource",
            "resource": "*:*_timer",
            "compare_to": 42,
            "comparison": "<="
        }
    },

    "transparent3":{
        "type": "origins:model_color",
        "alpha": 0.80,
        "condition": {
            "type": "origins:resource",
            "resource": "*:*_timer",
            "compare_to": 41,
            "comparison": "<="
        }
    },

    "transparent4":{
        "type": "origins:model_color",
        "alpha": 0.75,
        "condition": {
            "type": "origins:resource",
            "resource": "*:*_timer",
            "compare_to": 40,
            "comparison": "<="
        }
    },

    "transparent5":{
        "type": "origins:model_color",
        "alpha": 0.7,
        "condition": {
            "type": "origins:resource",
            "resource": "*:*_timer",
            "compare_to": 39,
            "comparison": "<="
        }
    },

    "transparent6":{
        "type": "origins:model_color",
        "alpha": 0.65,
        "condition": {
            "type": "origins:resource",
            "resource": "*:*_timer",
            "compare_to": 38,
            "comparison": "<="
        }
    },

    "transparent7":{
        "type": "origins:model_color",
        "alpha": 0.6,
        "condition": {
            "type": "origins:resource",
            "resource": "*:*_timer",
            "compare_to": 37,
            "comparison": "<="
        }
    },

    "transparent8":{
        "type": "origins:model_color",
        "alpha": 0.55,
        "condition": {
            "type": "origins:resource",
            "resource": "*:*_timer",
            "compare_to": 36,
            "comparison": "<="
        }
    },

    "transparent9":{
        "type": "origins:model_color",
        "alpha": 0.5,
        "condition": {
            "type": "origins:resource",
            "resource": "*:*_timer",
            "compare_to": 35,
            "comparison": "<="
        }
    },

    "transparent10":{
        "type": "origins:model_color",
        "alpha": 0.45,
        "condition": {
            "type": "origins:resource",
            "resource": "*:*_timer",
            "compare_to": 34,
            "comparison": "<="
        }
    },

    "transparent11":{
        "type": "origins:model_color",
        "alpha": 0.4,
        "condition": {
            "type": "origins:resource",
            "resource": "*:*_timer",
            "compare_to": 33,
            "comparison": "<="
        }
    },

    "transparent12":{
        "type": "origins:model_color",
        "alpha": 0.35,
        "condition": {
            "type": "origins:resource",
            "resource": "*:*_timer",
            "compare_to": 32,
            "comparison": "<="
        }
    },

    "transparent13":{
        "type": "origins:model_color",
        "alpha": 0.3,
        "condition": {
            "type": "origins:resource",
            "resource": "*:*_timer",
            "compare_to": 31,
            "comparison": "<="
        }
    },

    "transparent14":{
        "type": "origins:model_color",
        "alpha": 0.25,
        "condition": {
            "type": "origins:resource",
            "resource": "*:*_timer",
            "compare_to": 30,
            "comparison": "<="
        }
    },

    "transparent15":{
        "type": "origins:model_color",
        "alpha": 0.2,
        "condition": {
            "type": "origins:resource",
            "resource": "*:*_timer",
            "compare_to": 29,
            "comparison": "<="
        }
    },

    "transparent16":{
        "type": "origins:model_color",
        "alpha": 0.15,
        "condition": {
            "type": "origins:resource",
            "resource": "*:*_timer",
            "compare_to": 28,
            "comparison": "<="
        }
    },

    "transparent17":{
        "type": "origins:model_color",
        "alpha": 0.1,
        "condition": {
            "type": "origins:resource",
            "resource": "*:*_timer",
            "compare_to": 27,
            "comparison": "<="
        }
    },

    "transparent18":{
        "type": "origins:model_color",
        "alpha": 0.05,
        "condition": {
            "type": "origins:resource",
            "resource": "*:*_timer",
            "compare_to": 26,
            "comparison": "<="
        }
    },

    "sense":{
        "type": "origins:entity_glow",
        "bientity_condition": {
            "type": "origins:and",
            "conditions": [
                {
            "type": "origins:distance",
            "comparison": "<=",
            "compare_to": 50                    
                },
                {
                    "type": "origins:target_condition",
                    "condition": {
                        "type": "origins:or",
                        "conditions": [
                            {
                                "type": "origins:entity_group",
                                "group": "undead"
                            },
                            {
                                "type": "origins:entity_group",
                                "group": "illager"
                            },
                            {
                                "type": "origins:entity_group",
                                "group": "arthropod"
                            },
                            {
                                "type": "origins:entity_type",
                                "entity_type": "creeper"
                            },
                            {
                                "type": "origins:entity_type",
                                "entity_type": "witch"
                            },
                            {
                                "type": "origins:entity_type",
                                "entity_type": "enderman"
                            },
                            {
                                "type": "origins:entity_type",
                                "entity_type": "endermite"
                            },
                            {
                                "type": "origins:entity_type",
                                "entity_type": "guardian"
                            },
                            {
                                "type": "origins:entity_type",
                                "entity_type": "elder_guardian"
                            },
                            {
                                "type": "origins:entity_type",
                                "entity_type": "warden"
                            },
                            {
                                "type": "origins:entity_type",
                                "entity_type": "blaze"
                            },
                            {
                                "type": "origins:entity_type",
                                "entity_type": "ghast"
                            },
                            {
                                "type": "origins:entity_type",
                                "entity_type": "hoglin"
                            },
                            {
                                "type": "origins:entity_type",
                                "entity_type": "magma_cube"
                            },
                            {
                                "type": "origins:entity_type",
                                "entity_type": "shulker"
                            },
                            {
                                "type": "origins:entity_type",
                                "entity_type": "silverfish"
                            },
                            {
                                "type": "origins:entity_type",
                                "entity_type": "slime"
                            },
                            {
                                "type": "origins:entity_type",
                                "entity_type": "wolf"
                            },
                            {
                                "type": "origins:entity_type",
                                "entity_type": "polar_bear"
                            },
                            {
                                "type": "origins:entity_type",
                                "entity_type": "ender_dragon"
                            }
                        ]
                    }
                }
            ] 
        },
        "condition":{
            "type": "origins:resource",
            "resource": "*:*_timer",
            "comparison": "<=",
            "compare_to": 13
        },
        "use_teams": false,
        "red": 0.8,
        "green": 0.5,
        "blue": 0.5
    },

    "glow1":{
        "type": "origins:entity_glow",
        "bientity_condition": {
            "type": "origins:and",
            "conditions": [
                {
            "type": "origins:distance",
            "comparison": "<=",
            "compare_to": 50                    
                },
                {
                    "type": "origins:target_condition",
                    "condition": {
                        "type": "origins:or",
                        "conditions": [
                            {
                                "type": "origins:entity_type",
                                "entity_type": "player"
                                }
                        ]

                    }
                }
            ] 
        },
        "condition":{
            "type": "origins:resource",
            "resource": "*:*_timer",
            "comparison": "<=",
            "compare_to": 13
        },
        "use_teams": false,
        "red": 0.5,
        "green": 0.5,
        "blue": 0.8
    },

    "glow2":{
        "type": "origins:entity_glow",
        "bientity_condition": {
            "type": "origins:and",
            "conditions": [
                {
            "type": "origins:distance",
            "comparison": "<=",
            "compare_to": 50                    
                },
                {
                    "type": "origins:target_condition",
                    "condition": {
                        "type": "origins:or",
                        "conditions": [
                            {
                                "type": "origins:entity_type",
                                "entity_type": "fox"
                                }
                        ]

                    }
                }
            ] 
        },
        "condition":{
            "type": "origins:resource",
            "resource": "*:*_timer",
            "comparison": "<=",
            "compare_to": 13
        },
        "use_teams": false,
        "red": 0.5,
        "green": 0.8,
        "blue": 0.5
    },

    "glow3":{
        "type": "origins:entity_glow",
        "entity_condition": {
            "type": "origins:or",
            "inverted": true,
            "conditions":[    
                {
                    "type": "origins:entity_type",
                    "entity_type":"item" 
                },
                {
                    "type": "origins:entity_type",
                    "entity_type": "arrow"
                },
                {
                    "type": "origins:entity_type",
                    "entity_type": "trident"
                },
                {
                    "type": "origins:entity_group",
                    "group": "undead"
                },
                {
                    "type": "origins:entity_group",
                    "group": "illager"
                },
                {
                    "type": "origins:entity_group",
                    "group": "arthropod"
                },
                {
                    "type": "origins:entity_type",
                    "entity_type": "fox"
                },
                {
                    "type": "origins:entity_type",
                    "entity_type": "player"
                },
                {
                    "type": "origins:entity_type",
                    "entity_type": "creeper"
                },
                {
                    "type": "origins:entity_type",
                    "entity_type": "witch"
                },
                {
                    "type": "origins:entity_type",
                    "entity_type": "enderman"
                },
                {
                    "type": "origins:entity_type",
                    "entity_type": "endermite"
                },
                {
                    "type": "origins:entity_type",
                    "entity_type": "guardian"
                },
                {
                    "type": "origins:entity_type",
                    "entity_type": "elder_guardian"
                },
                {
                    "type": "origins:entity_type",
                    "entity_type": "warden"
                },
                {
                    "type": "origins:entity_type",
                    "entity_type": "blaze"
                },
                {
                    "type": "origins:entity_type",
                    "entity_type": "ghast"
                },
                {
                    "type": "origins:entity_type",
                    "entity_type": "hoglin"
                },
                {
                    "type": "origins:entity_type",
                    "entity_type": "magma_cube"
                },
                {
                    "type": "origins:entity_type",
                    "entity_type": "shulker"
                },
                {
                    "type": "origins:entity_type",
                    "entity_type": "silverfish"
                },
                {
                    "type": "origins:entity_type",
                    "entity_type": "slime"
                },
                {
                    "type": "origins:entity_type",
                    "entity_type": "wolf"
                },
                {
                    "type": "origins:entity_type",
                    "entity_type": "ender_dragon"
                }
            ]
        },
        "bientity_condition": {
            "type": "origins:and",
            "conditions": [
                {
            "type": "origins:distance",
            "comparison": "<=",
            "compare_to": 50                    
                }
            ] 
        },
        "condition":{
            "type": "origins:resource",
            "resource": "*:*_timer",
            "comparison": "<=",
            "compare_to": 13
        },
        "use_teams": false,
        "red": 1,
        "green": 1,
        "blue": 1
    },

    "screen_overlay_day":{
        "type": "origins:overlay",
        "red": 0.2,
        "green": 0.1,
        "blue": 0.1,
        "texture": "minecraft:textures/misc/nausea.png",
        "draw_mode": "nausea",
        "draw_phase": "below_hud",
        "condition": {
            "type": "origins:and",
            "conditions": [
                {
                    "type": "origins:resource",
                    "resource":"*:*_timer2",
                    "compare_to": 0,
                    "comparison": ">"
                },
                {
                    "type": "origins:resource",
                    "resource":"*:*_timer2",
                    "compare_to": 99,
                    "comparison": "<"
                },
                {
                    "type": "origins:and",
                    "inverted": true,
                    "conditions": [
                        {
                            "type": "origins:time_of_day",
                            "comparison": ">=",
                            "compare_to": 18000
                        },
                        {
                            "type": "origins:time_of_day",
                            "comparison": "<=",
                            "compare_to": 23000
                        }
                    ]
                }
            ]
        }
    },

    "screen_overlay_midnight":{
        "type": "origins:overlay",
        "red": 0.3,
        "green": 0.0,
        "blue": 0.0,
        "texture": "minecraft:textures/misc/nausea.png",
        "draw_mode": "nausea",
        "draw_phase": "below_hud",
        "condition": {
            "type": "origins:and",
            "conditions": [
                {
                    "type": "origins:resource",
                    "resource":"*:*_timer2",
                    "compare_to": 0,
                    "comparison": ">"
                },
                {
                    "type": "origins:resource",
                    "resource":"*:*_timer2",
                    "compare_to": 99,
                    "comparison": "<"
                },
                {
                    "type": "origins:time_of_day",
                    "comparison": ">=",
                    "compare_to": 18000
                },
                {
                    "type": "origins:time_of_day",
                    "comparison": "<=",
                    "compare_to": 23000
                }
            ]
        }
    },

    "hit_counter":{
        "type": "origins:resource",
        "min": 0,
        "max": 3,
        "start_value": 1,
        "hud_render": {
            "should_render": false
        }
    },

    "munch":{
        "type": "origins:action_on_hit",
        "bientity_action": {
            "type": "origins:if_else_list",
            "actions": [
                {
                    "condition": {
                        "type": "origins:actor_condition",
                        "condition": {
                            "type": "origins:resource",
                            "resource":"*:*_hit_counter",
                            "compare_to": 3,
                            "comparison": "<"
                        }
                    },
                    "action": {
                        "type": "origins:actor_action",
                        "action":{
                            "type": "origins:change_resource",
                            "resource":"*:*_hit_counter",
                            "change": 1
                        }
                    }
                },
                {
                    "condition": {
                        "type": "origins:actor_condition",
                        "condition": {
                            "type": "origins:resource",
                            "resource":"*:*_hit_counter",
                            "compare_to": 3,
                            "comparison": "=="
                        }
                    },
                    "action": {
                        "type": "origins:and",
                        "actions": [
                            {
                                "type": "origins:actor_action",
                                "action":{
                                    "type": "origins:change_resource",
                                    "resource":"*:*_hit_counter",
                                    "change": 0,
                                    "operation": "set"
                                }
                            },
                            {
                                "type": "origins:if_else",
                                "condition": {
                                    "type": "origins:actor_condition",
                                    "condition": {
                                        "type": "origins:equipped_item",
                                        "equipment_slot": "mainhand",
                                        "item_condition": {
                                            "type": "origins:empty"
                                        }
                                    }
                                },
                                "if_action": {
                                    "type": "origins:delay",
                                    "ticks": 4,
                                    "action": { 
                                        "type": "origins:choice",
                                        "actions": [
                                            {
                                                "weight": 50,
                                                "element": {
                                                    "type": "origins:damage",
                                                    "amount": 3,
                                                    "damage_type": "thorigins:foxie_bite",
                                                    "source": {
                                                        "name": "thorigins:foxie_bite"
                                                    }                                                    
                                                }
                                            },
                                            {
                                                "weight": 50,
                                                "element": {
                                                    "type": "origins:damage",
                                                    "amount": 3,
                                                    "damage_type": "thorigins:foxie_bite",
                                                    "source": {
                                                        "name": "thorigins:foxie_bite.player"
                                                    }            
                                                }
                                            }
                                        ]
                                    }
                                },
                                "else_action": {
                                    "type": "origins:delay",
                                    "ticks": 4,
                                    "action": {
                                        "type": "origins:damage",
                                        "amount": 3,
                                        "damage_type": "thorigins:foxie_bite",
                                        "source": {
                                            "name": "thorigins:foxie_bite.item"
                                        }
                                    }
                                }
                            },
                            {
                                "type": "origins:delay",
                                "ticks": 4,
                                "action": {
                                    "type": "origins:and",
                                    "actions": [
                                        {
                                            "type": "origins:target_action",
                                            "action": {
                                                "type": "origins:and",
                                                "actions": [
                                                    {
                                                        "type": "origins:play_sound",
                                                        "sound": "minecraft:entity.zombie.break_wooden_door",
                                                        "volume": 0.3,
                                                        "pitch": 1.5
                                                    },
                                                    {
                                                        "type": "origins:apply_effect",
                                                        "effects": [
                                                            {
                                                                "effect": "minecraft:weakness",
                                                                "duration": 60,
                                                                "amplifier": 0,
                                                                "is_ambient": false,
                                                                "show_icon": true,
                                                                "show_particles": false
                                                            },
                                                            {
                                                                "effect": "minecraft:nausea",
                                                                "duration": 100,
                                                                "amplifier": 0,
                                                                "is_ambient": false,
                                                                "show_icon": true,
                                                                "show_particles": false
                                                            }
                                                        ]
                                                    }
                                                ]
                                            }
                                        },
                                        {
                                            "type": "origins:actor_action",
                                            "action": {
                                                "type": "origins:and",
                                                "actions": [
                                                    {
                                                        "type": "origins:play_sound",
                                                        "sound": "minecraft:entity.fox.eat",
                                                        "pitch": 1.2,
                                                        "volume": 1.0
                                                    },
                                                    {
                                                        "type": "origins:execute_command",
                                                        "command": "/particle dust_color_transition 1 0 0 1.2 0.15 0 0 ^ ^1.1 ^0.4 0.1 0.1 0.1 5 8 force"
                                                    },
                                                    {
                                                        "type": "origins:execute_command",
                                                        "command": "/particle dust_color_transition 1 0 0 0.5 0.15 0 0 ^ ^1.1 ^0.4 0.15 0.15 0.15 10 16 force"
                                                    },
                                                    {
                                                        "type": "origins:feed",
                                                        "food": 2,
                                                        "saturation": 2
                                                    },
                                                    {
                                                        "type": "origins:change_resource",
                                                        "resource":"*:*_timer2",
                                                        "change": 30
                                                    }
                                                ]
                                            }
                                        }
                                    ]
                                }
                            }
                        ]
                    }
                }
            ]
        },
        "bientity_condition": {
            "type": "origins:target_condition",
            "condition": {
                "type": "origins:living"
            }
        },
        "damage_condition": {
            "type": "origins:and",
            "conditions": [
                {
                    "type": "origins:projectile",
                    "inverted": true                    
                },
                {
                    "type": "origins:amount",
                    "compare_to": 1,
                    "comparison": ">"
                }
            ]
        }
    },

    "reset_hit":{
        "type": "origins:action_over_time",
        "interval": 1,
        "entity_action": {
            "type": "origins:change_resource",
            "resource":"*:*_hit_counter",
            "change": 1,
            "operation": "set"
        },
        "condition": {
            "type": "origins:resource",
            "resource":"*:*_timer2",
            "compare_to": 0,
            "comparison": "=="
        }
    },

    "attack_reveal":{
        "type": "origins:action_on_hit",
        "interval": 1,
        "bientity_action":{
            "type": "origins:actor_action",
            "action": {
                "type": "origins:trigger_cooldown",
                "power": "*:*_timer"                
            }
        },
        "damage_condition": {
            "type": "origins:projectile",
            "inverted": true
        }
    }
}