{
    "type": "origins:multiple",
    "hidden": true,

    "grant_keep_trackers": {
        "type": "origins:action_over_time",
        "interval": 1,
        "condition": {
            "type": "origins:power",
            "power": "thorigins:thtrackers",
            "source": "thorigins:universal",
            "inverted": true
        },
        "entity_action": {
            "type": "origins:grant_power",
            "power": "thorigins:thtrackers",
            "source": "thorigins:universal"
        }
    },

    "set_origin": {
        "type": "origins:action_on_callback",
        "entity_action_added": {
            "type": "origins:execute_command",
            "command": "/origin set @s thorigins:origin thorigins:default_fox"
        }
    },

    "fix_startup": {
        "type": "origins:action_on_callback",
        "entity_action_chosen": {
            "type": "origins:and",
            "actions": [
                {
                    "type": "origins:change_resource",
                    "resource": "*:thfluffy_timer",
                    "change": 30,
                    "operation": "set"
                },
                {
                    "type": "origins:change_resource",
                    "resource": "*:thfluffy_timer2",
                    "change": 30,
                    "operation": "set"
                },
                {
                    "type": "origins:change_resource",
                    "resource": "*:thdash_dashmain",
                    "change": 30,
                    "operation": "set"
                },
                {
                    "type": "origins:change_resource",
                    "resource": "*:thdash_dash2",
                    "change": 30,
                    "operation": "set"
                },
                {
                    "type": "origins:change_resource",
                    "resource": "*:thdash_rotation_status",
                    "change": 3,
                    "operation": "set"
                },
                {
                    "type": "origins:change_resource",
                    "resource": "*:thhunt_timer",
                    "change": 50,
                    "operation": "set"
                },
                {
                    "type": "origins:change_resource",
                    "resource": "*:thhunt_timer2",
                    "change": 100,
                    "operation": "set"
                },
                {
                    "type": "origins:change_resource",
                    "resource": "*:thshy_shakingtimer",
                    "change": 160,
                    "operation": "set"
                },
                {
                    "type": "origins:change_resource",
                    "resource": "*:thsound_afk_timer",
                    "change": 0,
                    "operation": "set"
                }
            ]
        }
    },

    "fox_type_enable": {
        "type": "origins:action_on_callback",
        "entity_action_chosen": {
            "type": "origins:execute_command",
            "command": "/scoreboard objectives add foxtype trigger \"FoxType\""
        }
    },

    "fox_type_checks": {
        "type": "origins:action_over_time",
        "interval": 1,
        "entity_action": {
            "type": "origins:and",
            "actions": [
                {
                    "type": "origins:execute_command",
                    "command": "/scoreboard players enable @s foxtype"
                },
                {
                    "type": "origins:execute_command",
                    "command": "/scoreboard players set @s[scores={foxtype=4}] foxtype 0"
                }
            ]
        }
    }
}
